<?xml version="1.0" encoding="UTF-8"?>
<GenRun Id="impl_1" LaunchPart="xc7a35tcpg236-1" LaunchTime="1526236629">
  <File Type="PWROPT-DCP" Name="twosCtb_pwropt.dcp"/>
  <File Type="ROUTE-PWR" Name="twosCtb_power_routed.rpt"/>
  <File Type="PA-TCL" Name="twosCtb.tcl"/>
  <File Type="ROUTE-PWR-SUM" Name="twosCtb_power_summary_routed.pb"/>
  <File Type="REPORTS-TCL" Name="twosCtb_reports.tcl"/>
  <File Type="BG-DRC" Name="twosCtb.drc"/>
  <File Type="OPT-METHODOLOGY-DRC" Name="twosCtb_methodology_drc_opted.rpt"/>
  <File Type="INIT-TIMING" Name="twosCtb_timing_summary_init.rpt"/>
  <File Type="OPT-HWDEF" Name="twosCtb.hwdef"/>
  <File Type="OPT-DCP" Name="twosCtb_opt.dcp"/>
  <File Type="OPT-DRC" Name="twosCtb_drc_opted.rpt"/>
  <File Type="OPT-TIMING" Name="twosCtb_timing_summary_opted.rpt"/>
  <File Type="PWROPT-DRC" Name="twosCtb_drc_pwropted.rpt"/>
  <File Type="PWROPT-TIMING" Name="twosCtb_timing_summary_pwropted.rpt"/>
  <File Type="PLACE-DCP" Name="twosCtb_placed.dcp"/>
  <File Type="PLACE-IO" Name="twosCtb_io_placed.rpt"/>
  <File Type="PLACE-CLK" Name="twosCtb_clock_utilization_placed.rpt"/>
  <File Type="PLACE-UTIL" Name="twosCtb_utilization_placed.rpt"/>
  <File Type="PLACE-UTIL-PB" Name="twosCtb_utilization_placed.pb"/>
  <File Type="PLACE-CTRL" Name="twosCtb_control_sets_placed.rpt"/>
  <File Type="PLACE-SIMILARITY" Name="twosCtb_incremental_reuse_placed.rpt"/>
  <File Type="PLACE-PRE-SIMILARITY" Name="twosCtb_incremental_reuse_pre_placed.rpt"/>
  <File Type="PLACE-TIMING" Name="twosCtb_timing_summary_placed.rpt"/>
  <File Type="POSTPLACE-PWROPT-DCP" Name="twosCtb_postplace_pwropt.dcp"/>
  <File Type="POSTPLACE-PWROPT-TIMING" Name="twosCtb_timing_summary_postplace_pwropted.rpt"/>
  <File Type="PHYSOPT-DCP" Name="twosCtb_physopt.dcp"/>
  <File Type="PHYSOPT-DRC" Name="twosCtb_drc_physopted.rpt"/>
  <File Type="BG-BIT" Name="twosCtb.bit"/>
  <File Type="PHYSOPT-TIMING" Name="twosCtb_timing_summary_physopted.rpt"/>
  <File Type="ROUTE-ERROR-DCP" Name="twosCtb_routed_error.dcp"/>
  <File Type="ROUTE-DCP" Name="twosCtb_routed.dcp"/>
  <File Type="ROUTE-BLACKBOX-DCP" Name="twosCtb_routed_bb.dcp"/>
  <File Type="ROUTE-DRC" Name="twosCtb_drc_routed.rpt"/>
  <File Type="ROUTE-DRC-PB" Name="twosCtb_drc_routed.pb"/>
  <File Type="BITSTR-MSK" Name="twosCtb.msk"/>
  <File Type="ROUTE-DRC-RPX" Name="twosCtb_drc_routed.rpx"/>
  <File Type="BG-BGN" Name="twosCtb.bgn"/>
  <File Type="ROUTE-METHODOLOGY-DRC" Name="twosCtb_methodology_drc_routed.rpt"/>
  <File Type="BITSTR-RBT" Name="twosCtb.rbt"/>
  <File Type="ROUTE-METHODOLOGY-DRC-RPX" Name="twosCtb_methodology_drc_routed.rpx"/>
  <File Type="BG-BIN" Name="twosCtb.bin"/>
  <File Type="ROUTE-METHODOLOGY-DRC-PB" Name="twosCtb_methodology_drc_routed.pb"/>
  <File Type="ROUTE-PWR-RPX" Name="twosCtb_power_routed.rpx"/>
  <File Type="ROUTE-STATUS" Name="twosCtb_route_status.rpt"/>
  <File Type="ROUTE-STATUS-PB" Name="twosCtb_route_status.pb"/>
  <File Type="ROUTE-TIMINGSUMMARY" Name="twosCtb_timing_summary_routed.rpt"/>
  <File Type="ROUTE-TIMING-PB" Name="twosCtb_timing_summary_routed.pb"/>
  <File Type="ROUTE-TIMING-RPX" Name="twosCtb_timing_summary_routed.rpx"/>
  <File Type="ROUTE-SIMILARITY" Name="twosCtb_incremental_reuse_routed.rpt"/>
  <File Type="RDI-RDI" Name="twosCtb.vdi"/>
  <File Type="ROUTE-CLK" Name="twosCtb_clock_utilization_routed.rpt"/>
  <File Type="POSTROUTE-PHYSOPT-DCP" Name="twosCtb_postroute_physopt.dcp"/>
  <File Type="POSTROUTE-PHYSOPT-BLACKBOX-DCP" Name="twosCtb_postroute_physopt_bb.dcp"/>
  <File Type="POSTROUTE-PHYSOPT-TIMING" Name="twosCtb_timing_summary_postroute_physopted.rpt"/>
  <File Type="POSTROUTE-PHYSOPT-TIMING-PB" Name="twosCtb_timing_summary_postroute_physopted.pb"/>
  <File Type="POSTROUTE-PHYSOPT-TIMING-RPX" Name="twosCtb_timing_summary_postroute_physopted.rpx"/>
  <File Type="BITSTR-NKY" Name="twosCtb.nky"/>
  <File Type="BITSTR-BMM" Name="twosCtb_bd.bmm"/>
  <File Type="BITSTR-MMI" Name="twosCtb.mmi"/>
  <File Type="BITSTR-LTX" Name="debug_nets.ltx"/>
  <File Type="BITSTR-LTX" Name="twosCtb.ltx"/>
  <File Type="BITSTR-SYSDEF" Name="twosCtb.sysdef"/>
  <File Type="WBT-USG" Name="usage_statistics_webtalk.html"/>
  <FileSet Name="sources" Type="DesignSrcs" RelSrcDir="$PSRCDIR/sources_1">
    <Filter Type="Srcs"/>
    <File Path="$PSRCDIR/sources_1/new/twos_c.vhd">
      <FileInfo>
        <Attr Name="UsedIn" Val="synthesis"/>
        <Attr Name="UsedIn" Val="simulation"/>
      </FileInfo>
    </File>
    <File Path="$PSRCDIR/sources_1/new/twosCtb.vhd">
      <FileInfo>
        <Attr Name="UsedIn" Val="synthesis"/>
        <Attr Name="UsedIn" Val="simulation"/>
      </FileInfo>
    </File>
    <Config>
      <Option Name="DesignMode" Val="RTL"/>
      <Option Name="TopModule" Val="twosCtb"/>
      <Option Name="TopAutoSet" Val="TRUE"/>
    </Config>
  </FileSet>
  <FileSet Name="constrs_in" Type="Constrs" RelSrcDir="$PSRCDIR/constrs_1">
    <Filter Type="Constrs"/>
    <File Path="$PPRDIR/basys3_master.xdc">
      <FileInfo>
        <Attr Name="UsedIn" Val="synthesis"/>
        <Attr Name="UsedIn" Val="implementation"/>
      </FileInfo>
    </File>
    <Config>
      <Option Name="ConstrsType" Val="XDC"/>
    </Config>
  </FileSet>
  <Strategy Version="1" Minor="2">
    <StratHandle Name="Vivado Implementation Defaults" Flow="Vivado Implementation 2017"/>
    <Step Id="init_design"/>
    <Step Id="opt_design"/>
    <Step Id="power_opt_design"/>
    <Step Id="place_design"/>
    <Step Id="post_place_power_opt_design"/>
    <Step Id="phys_opt_design"/>
    <Step Id="route_design"/>
    <Step Id="post_route_phys_opt_design"/>
    <Step Id="write_bitstream"/>
  </Strategy>
</GenRun>
