<?xml version="1.0"?>
<Runs Version="1" Minor="0">
	<Run Id="c_accum_0_synth_1" LaunchDir="C:/Users/szh24.DREXEL/Desktop/Week 9 Stuff/Accumulator2/Accumulator2.runs/c_accum_0_synth_1" FlowId="Vivado_Synthesis" FromStepId="vivado" ToStepId="vivado"/>
	<Run Id="synth_1" LaunchDir="C:/Users/szh24.DREXEL/Desktop/Week 9 Stuff/Accumulator2/Accumulator2.runs/synth_1" FlowId="Vivado_Synthesis" FromStepId="vivado" ToStepId="vivado">
		<Parent Id="c_accum_0_synth_1"/>
	</Run>
	<Run Id="impl_1" LaunchDir="C:/Users/szh24.DREXEL/Desktop/Week 9 Stuff/Accumulator2/Accumulator2.runs/impl_1" FlowId="Vivado_Implementation" FromStepId="init_design" ToStepId="write_bitstream">
		<Parent Id="synth_1"/>
		<Parent Id="c_accum_0_synth_1"/>
	</Run>
</Runs>

