<?xml version="1.0" encoding="UTF-8"?>
<GenRun Id="synth_1" LaunchPart="xc7a35tcpg236-1" LaunchTime="1528165295">
  <File Type="PA-TCL" Name="fact.tcl"/>
  <File Type="RDS-PROPCONSTRS" Name="fact_drc_synth.rpt"/>
  <File Type="REPORTS-TCL" Name="fact_reports.tcl"/>
  <File Type="RDS-RDS" Name="fact.vds"/>
  <File Type="RDS-UTIL" Name="fact_utilization_synth.rpt"/>
  <File Type="RDS-UTIL-PB" Name="fact_utilization_synth.pb"/>
  <File Type="RDS-DCP" Name="fact.dcp"/>
  <File Type="VDS-TIMINGSUMMARY" Name="fact_timing_summary_synth.rpt"/>
  <File Type="VDS-TIMING-PB" Name="fact_timing_summary_synth.pb"/>
  <FileSet Name="sources" Type="DesignSrcs" RelSrcDir="$PSRCDIR/sources_1">
    <Filter Type="Srcs"/>
    <File Path="$PSRCDIR/sources_1/new/fact.vhd">
      <FileInfo>
        <Attr Name="UsedIn" Val="synthesis"/>
        <Attr Name="UsedIn" Val="simulation"/>
      </FileInfo>
    </File>
    <Config>
      <Option Name="DesignMode" Val="RTL"/>
      <Option Name="TopModule" Val="fact"/>
      <Option Name="TopAutoSet" Val="TRUE"/>
    </Config>
  </FileSet>
  <FileSet Name="constrs_in" Type="Constrs" RelSrcDir="$PSRCDIR/constrs_1">
    <Filter Type="Constrs"/>
    <Config>
      <Option Name="ConstrsType" Val="XDC"/>
    </Config>
  </FileSet>
  <Strategy Version="1" Minor="2">
    <StratHandle Name="Vivado Synthesis Defaults" Flow="Vivado Synthesis 2017">
      <Desc>Vivado Synthesis Defaults</Desc>
    </StratHandle>
    <Step Id="synth_design"/>
  </Strategy>
</GenRun>
