<?xml version="1.0" encoding="UTF-8"?>
<GenRun Id="synth_1" LaunchPart="xc7a35tcpg236-1" LaunchTime="1528132532">
  <File Type="RDS-PROPCONSTRS" Name="radixR_adder_drc_synth.rpt"/>
  <File Type="PA-TCL" Name="radixR_adder.tcl"/>
  <File Type="RDS-RDS" Name="radixR_adder.vds"/>
  <File Type="RDS-UTIL" Name="radixR_adder_utilization_synth.rpt"/>
  <File Type="RDS-UTIL-PB" Name="radixR_adder_utilization_synth.pb"/>
  <File Type="RDS-DCP" Name="radixR_adder.dcp"/>
  <File Type="VDS-TIMINGSUMMARY" Name="radixR_adder_timing_summary_synth.rpt"/>
  <File Type="VDS-TIMING-PB" Name="radixR_adder_timing_summary_synth.pb"/>
  <FileSet Name="sources" Type="DesignSrcs" RelSrcDir="$PSRCDIR/sources_1">
    <Filter Type="Srcs"/>
    <File Path="$PSRCDIR/sources_1/new/radixR_adder.vhd">
      <FileInfo>
        <Attr Name="UsedIn" Val="synthesis"/>
        <Attr Name="UsedIn" Val="simulation"/>
      </FileInfo>
    </File>
    <Config>
      <Option Name="DesignMode" Val="RTL"/>
      <Option Name="TopModule" Val="radixR_adder"/>
      <Option Name="TopAutoSet" Val="TRUE"/>
    </Config>
  </FileSet>
  <FileSet Name="constrs_in" Type="Constrs" RelSrcDir="$PSRCDIR/constrs_1">
    <Filter Type="Constrs"/>
    <File Path="$PPRDIR/basys3_master_radix.xdc">
      <FileInfo>
        <Attr Name="UsedIn" Val="synthesis"/>
        <Attr Name="UsedIn" Val="implementation"/>
      </FileInfo>
    </File>
    <Config>
      <Option Name="ConstrsType" Val="XDC"/>
    </Config>
  </FileSet>
  <Strategy Version="1" Minor="2">
    <StratHandle Name="Vivado Synthesis Defaults" Flow="Vivado Synthesis 2017"/>
    <Step Id="synth_design"/>
  </Strategy>
</GenRun>
