<?xml version="1.0" encoding="UTF-8"?>
<GenRun Id="impl_1" LaunchPart="xc7a35tcpg236-1" LaunchTime="1523236319">
  <File Type="PWROPT-DCP" Name="ck_div_pwropt.dcp"/>
  <File Type="ROUTE-PWR" Name="ck_div_power_routed.rpt"/>
  <File Type="PA-TCL" Name="ck_div.tcl"/>
  <File Type="ROUTE-PWR-SUM" Name="ck_div_power_summary_routed.pb"/>
  <File Type="REPORTS-TCL" Name="ck_div_reports.tcl"/>
  <File Type="BG-DRC" Name="ck_div.drc"/>
  <File Type="OPT-METHODOLOGY-DRC" Name="ck_div_methodology_drc_opted.rpt"/>
  <File Type="INIT-TIMING" Name="ck_div_timing_summary_init.rpt"/>
  <File Type="OPT-HWDEF" Name="ck_div.hwdef"/>
  <File Type="OPT-DCP" Name="ck_div_opt.dcp"/>
  <File Type="OPT-DRC" Name="ck_div_drc_opted.rpt"/>
  <File Type="OPT-TIMING" Name="ck_div_timing_summary_opted.rpt"/>
  <File Type="PWROPT-DRC" Name="ck_div_drc_pwropted.rpt"/>
  <File Type="PWROPT-TIMING" Name="ck_div_timing_summary_pwropted.rpt"/>
  <File Type="PLACE-DCP" Name="ck_div_placed.dcp"/>
  <File Type="PLACE-IO" Name="ck_div_io_placed.rpt"/>
  <File Type="PLACE-CLK" Name="ck_div_clock_utilization_placed.rpt"/>
  <File Type="PLACE-UTIL" Name="ck_div_utilization_placed.rpt"/>
  <File Type="PLACE-UTIL-PB" Name="ck_div_utilization_placed.pb"/>
  <File Type="PLACE-CTRL" Name="ck_div_control_sets_placed.rpt"/>
  <File Type="PLACE-SIMILARITY" Name="ck_div_incremental_reuse_placed.rpt"/>
  <File Type="PLACE-PRE-SIMILARITY" Name="ck_div_incremental_reuse_pre_placed.rpt"/>
  <File Type="PLACE-TIMING" Name="ck_div_timing_summary_placed.rpt"/>
  <File Type="POSTPLACE-PWROPT-DCP" Name="ck_div_postplace_pwropt.dcp"/>
  <File Type="POSTPLACE-PWROPT-TIMING" Name="ck_div_timing_summary_postplace_pwropted.rpt"/>
  <File Type="PHYSOPT-DCP" Name="ck_div_physopt.dcp"/>
  <File Type="PHYSOPT-DRC" Name="ck_div_drc_physopted.rpt"/>
  <File Type="BG-BIT" Name="ck_div.bit"/>
  <File Type="PHYSOPT-TIMING" Name="ck_div_timing_summary_physopted.rpt"/>
  <File Type="ROUTE-ERROR-DCP" Name="ck_div_routed_error.dcp"/>
  <File Type="ROUTE-DCP" Name="ck_div_routed.dcp"/>
  <File Type="ROUTE-BLACKBOX-DCP" Name="ck_div_routed_bb.dcp"/>
  <File Type="ROUTE-DRC" Name="ck_div_drc_routed.rpt"/>
  <File Type="ROUTE-DRC-PB" Name="ck_div_drc_routed.pb"/>
  <File Type="BITSTR-MSK" Name="ck_div.msk"/>
  <File Type="ROUTE-DRC-RPX" Name="ck_div_drc_routed.rpx"/>
  <File Type="BG-BGN" Name="ck_div.bgn"/>
  <File Type="ROUTE-METHODOLOGY-DRC" Name="ck_div_methodology_drc_routed.rpt"/>
  <File Type="BITSTR-RBT" Name="ck_div.rbt"/>
  <File Type="ROUTE-METHODOLOGY-DRC-RPX" Name="ck_div_methodology_drc_routed.rpx"/>
  <File Type="BG-BIN" Name="ck_div.bin"/>
  <File Type="ROUTE-METHODOLOGY-DRC-PB" Name="ck_div_methodology_drc_routed.pb"/>
  <File Type="ROUTE-PWR-RPX" Name="ck_div_power_routed.rpx"/>
  <File Type="ROUTE-STATUS" Name="ck_div_route_status.rpt"/>
  <File Type="ROUTE-STATUS-PB" Name="ck_div_route_status.pb"/>
  <File Type="ROUTE-TIMINGSUMMARY" Name="ck_div_timing_summary_routed.rpt"/>
  <File Type="ROUTE-TIMING-PB" Name="ck_div_timing_summary_routed.pb"/>
  <File Type="ROUTE-TIMING-RPX" Name="ck_div_timing_summary_routed.rpx"/>
  <File Type="ROUTE-SIMILARITY" Name="ck_div_incremental_reuse_routed.rpt"/>
  <File Type="RDI-RDI" Name="ck_div.vdi"/>
  <File Type="ROUTE-CLK" Name="ck_div_clock_utilization_routed.rpt"/>
  <File Type="POSTROUTE-PHYSOPT-DCP" Name="ck_div_postroute_physopt.dcp"/>
  <File Type="POSTROUTE-PHYSOPT-BLACKBOX-DCP" Name="ck_div_postroute_physopt_bb.dcp"/>
  <File Type="POSTROUTE-PHYSOPT-TIMING" Name="ck_div_timing_summary_postroute_physopted.rpt"/>
  <File Type="POSTROUTE-PHYSOPT-TIMING-PB" Name="ck_div_timing_summary_postroute_physopted.pb"/>
  <File Type="POSTROUTE-PHYSOPT-TIMING-RPX" Name="ck_div_timing_summary_postroute_physopted.rpx"/>
  <File Type="BITSTR-NKY" Name="ck_div.nky"/>
  <File Type="BITSTR-BMM" Name="ck_div_bd.bmm"/>
  <File Type="BITSTR-MMI" Name="ck_div.mmi"/>
  <File Type="BITSTR-LTX" Name="debug_nets.ltx"/>
  <File Type="BITSTR-LTX" Name="ck_div.ltx"/>
  <File Type="BITSTR-SYSDEF" Name="ck_div.sysdef"/>
  <File Type="WBT-USG" Name="usage_statistics_webtalk.html"/>
  <FileSet Name="sources" Type="DesignSrcs" RelSrcDir="$PSRCDIR/sources_1">
    <Filter Type="Srcs"/>
    <File Path="$PSRCDIR/sources_1/new/ck_div.vhd">
      <FileInfo>
        <Attr Name="UsedIn" Val="synthesis"/>
        <Attr Name="UsedIn" Val="simulation"/>
      </FileInfo>
    </File>
    <Config>
      <Option Name="DesignMode" Val="RTL"/>
      <Option Name="TopModule" Val="ck_div"/>
      <Option Name="TopAutoSet" Val="TRUE"/>
    </Config>
  </FileSet>
  <FileSet Name="constrs_in" Type="Constrs" RelSrcDir="$PSRCDIR/constrs_1">
    <Filter Type="Constrs"/>
    <File Path="$PPRDIR/basys3_master.xdc">
      <FileInfo>
        <Attr Name="UsedIn" Val="synthesis"/>
        <Attr Name="UsedIn" Val="implementation"/>
      </FileInfo>
    </File>
    <Config>
      <Option Name="ConstrsType" Val="XDC"/>
    </Config>
  </FileSet>
  <Strategy Version="1" Minor="2">
    <StratHandle Name="Vivado Implementation Defaults" Flow="Vivado Implementation 2017">
      <Desc>Default settings for Implementation.</Desc>
    </StratHandle>
    <Step Id="init_design"/>
    <Step Id="opt_design"/>
    <Step Id="power_opt_design"/>
    <Step Id="place_design"/>
    <Step Id="post_place_power_opt_design"/>
    <Step Id="phys_opt_design"/>
    <Step Id="route_design"/>
    <Step Id="post_route_phys_opt_design"/>
    <Step Id="write_bitstream"/>
  </Strategy>
</GenRun>
