<?xml version="1.0" encoding="UTF-8"?>
<GenRun Id="impl_1" LaunchPart="xc7a35tcpg236-1" LaunchTime="1523390270">
  <File Type="PWROPT-DRC" Name="cascading4_reg2_drc_pwropted.rpt"/>
  <File Type="OPT-METHODOLOGY-DRC" Name="cascading4_reg2_methodology_drc_opted.rpt"/>
  <File Type="INIT-TIMING" Name="cascading4_reg2_timing_summary_init.rpt"/>
  <File Type="ROUTE-PWR-RPX" Name="cascading4_reg2_power_routed.rpx"/>
  <File Type="PA-TCL" Name="cascading4_reg2.tcl"/>
  <File Type="OPT-HWDEF" Name="cascading4_reg2.hwdef"/>
  <File Type="RDI-RDI" Name="cascading4_reg2.vdi"/>
  <File Type="OPT-DCP" Name="cascading4_reg2_opt.dcp"/>
  <File Type="OPT-DRC" Name="cascading4_reg2_drc_opted.rpt"/>
  <File Type="OPT-TIMING" Name="cascading4_reg2_timing_summary_opted.rpt"/>
  <File Type="PWROPT-DCP" Name="cascading4_reg2_pwropt.dcp"/>
  <File Type="PWROPT-TIMING" Name="cascading4_reg2_timing_summary_pwropted.rpt"/>
  <File Type="PLACE-DCP" Name="cascading4_reg2_placed.dcp"/>
  <File Type="PLACE-IO" Name="cascading4_reg2_io_placed.rpt"/>
  <File Type="PLACE-CLK" Name="cascading4_reg2_clock_utilization_placed.rpt"/>
  <File Type="PLACE-UTIL" Name="cascading4_reg2_utilization_placed.rpt"/>
  <File Type="PLACE-UTIL-PB" Name="cascading4_reg2_utilization_placed.pb"/>
  <File Type="PLACE-CTRL" Name="cascading4_reg2_control_sets_placed.rpt"/>
  <File Type="PLACE-SIMILARITY" Name="cascading4_reg2_incremental_reuse_placed.rpt"/>
  <File Type="PLACE-PRE-SIMILARITY" Name="cascading4_reg2_incremental_reuse_pre_placed.rpt"/>
  <File Type="PLACE-TIMING" Name="cascading4_reg2_timing_summary_placed.rpt"/>
  <File Type="POSTPLACE-PWROPT-DCP" Name="cascading4_reg2_postplace_pwropt.dcp"/>
  <File Type="POSTPLACE-PWROPT-TIMING" Name="cascading4_reg2_timing_summary_postplace_pwropted.rpt"/>
  <File Type="PHYSOPT-DCP" Name="cascading4_reg2_physopt.dcp"/>
  <File Type="PHYSOPT-DRC" Name="cascading4_reg2_drc_physopted.rpt"/>
  <File Type="PHYSOPT-TIMING" Name="cascading4_reg2_timing_summary_physopted.rpt"/>
  <File Type="ROUTE-ERROR-DCP" Name="cascading4_reg2_routed_error.dcp"/>
  <File Type="ROUTE-DCP" Name="cascading4_reg2_routed.dcp"/>
  <File Type="ROUTE-BLACKBOX-DCP" Name="cascading4_reg2_routed_bb.dcp"/>
  <File Type="ROUTE-DRC" Name="cascading4_reg2_drc_routed.rpt"/>
  <File Type="ROUTE-DRC-PB" Name="cascading4_reg2_drc_routed.pb"/>
  <File Type="BG-BIN" Name="cascading4_reg2.bin"/>
  <File Type="ROUTE-DRC-RPX" Name="cascading4_reg2_drc_routed.rpx"/>
  <File Type="BG-DRC" Name="cascading4_reg2.drc"/>
  <File Type="ROUTE-METHODOLOGY-DRC" Name="cascading4_reg2_methodology_drc_routed.rpt"/>
  <File Type="BITSTR-MSK" Name="cascading4_reg2.msk"/>
  <File Type="ROUTE-METHODOLOGY-DRC-RPX" Name="cascading4_reg2_methodology_drc_routed.rpx"/>
  <File Type="BG-BGN" Name="cascading4_reg2.bgn"/>
  <File Type="ROUTE-METHODOLOGY-DRC-PB" Name="cascading4_reg2_methodology_drc_routed.pb"/>
  <File Type="ROUTE-PWR" Name="cascading4_reg2_power_routed.rpt"/>
  <File Type="ROUTE-PWR-SUM" Name="cascading4_reg2_power_summary_routed.pb"/>
  <File Type="ROUTE-STATUS" Name="cascading4_reg2_route_status.rpt"/>
  <File Type="ROUTE-STATUS-PB" Name="cascading4_reg2_route_status.pb"/>
  <File Type="ROUTE-TIMINGSUMMARY" Name="cascading4_reg2_timing_summary_routed.rpt"/>
  <File Type="ROUTE-TIMING-PB" Name="cascading4_reg2_timing_summary_routed.pb"/>
  <File Type="ROUTE-TIMING-RPX" Name="cascading4_reg2_timing_summary_routed.rpx"/>
  <File Type="ROUTE-SIMILARITY" Name="cascading4_reg2_incremental_reuse_routed.rpt"/>
  <File Type="ROUTE-CLK" Name="cascading4_reg2_clock_utilization_routed.rpt"/>
  <File Type="POSTROUTE-PHYSOPT-DCP" Name="cascading4_reg2_postroute_physopt.dcp"/>
  <File Type="POSTROUTE-PHYSOPT-BLACKBOX-DCP" Name="cascading4_reg2_postroute_physopt_bb.dcp"/>
  <File Type="POSTROUTE-PHYSOPT-TIMING" Name="cascading4_reg2_timing_summary_postroute_physopted.rpt"/>
  <File Type="POSTROUTE-PHYSOPT-TIMING-PB" Name="cascading4_reg2_timing_summary_postroute_physopted.pb"/>
  <File Type="POSTROUTE-PHYSOPT-TIMING-RPX" Name="cascading4_reg2_timing_summary_postroute_physopted.rpx"/>
  <File Type="BG-BIT" Name="cascading4_reg2.bit"/>
  <File Type="BITSTR-RBT" Name="cascading4_reg2.rbt"/>
  <File Type="BITSTR-NKY" Name="cascading4_reg2.nky"/>
  <File Type="BITSTR-BMM" Name="cascading4_reg2_bd.bmm"/>
  <File Type="BITSTR-MMI" Name="cascading4_reg2.mmi"/>
  <File Type="BITSTR-SYSDEF" Name="cascading4_reg2.sysdef"/>
  <File Type="WBT-USG" Name="usage_statistics_webtalk.html"/>
  <FileSet Name="sources" Type="DesignSrcs" RelSrcDir="$PSRCDIR/sources_1">
    <Filter Type="Srcs"/>
    <File Path="$PSRCDIR/sources_1/new/cascading4_reg2.vhd">
      <FileInfo>
        <Attr Name="UsedIn" Val="synthesis"/>
        <Attr Name="UsedIn" Val="simulation"/>
      </FileInfo>
    </File>
    <File Path="$PSRCDIR/sources_1/new/reg.vhd">
      <FileInfo>
        <Attr Name="AutoDisabled" Val="1"/>
        <Attr Name="UsedIn" Val="synthesis"/>
        <Attr Name="UsedIn" Val="simulation"/>
      </FileInfo>
    </File>
    <Config>
      <Option Name="DesignMode" Val="RTL"/>
      <Option Name="TopModule" Val="cascading4_reg2"/>
      <Option Name="TopAutoSet" Val="TRUE"/>
    </Config>
  </FileSet>
  <FileSet Name="constrs_in" Type="Constrs" RelSrcDir="$PSRCDIR/constrs_1">
    <Filter Type="Constrs"/>
    <File Path="$PPRDIR/basys3_master.xdc">
      <FileInfo>
        <Attr Name="UsedIn" Val="synthesis"/>
        <Attr Name="UsedIn" Val="implementation"/>
      </FileInfo>
    </File>
    <Config>
      <Option Name="ConstrsType" Val="XDC"/>
    </Config>
  </FileSet>
  <Strategy Version="1" Minor="2">
    <StratHandle Name="Vivado Implementation Defaults" Flow="Vivado Implementation 2017">
      <Desc>Default settings for Implementation.</Desc>
    </StratHandle>
    <Step Id="init_design"/>
    <Step Id="opt_design"/>
    <Step Id="power_opt_design"/>
    <Step Id="place_design"/>
    <Step Id="post_place_power_opt_design"/>
    <Step Id="phys_opt_design"/>
    <Step Id="route_design"/>
    <Step Id="post_route_phys_opt_design"/>
    <Step Id="write_bitstream"/>
  </Strategy>
</GenRun>
