<?xml version="1.0" encoding="UTF-8"?>
<GenRun Id="impl_1" LaunchPart="xc7a35tcpg236-1" LaunchTime="1527619682">
  <File Type="PWROPT-DRC" Name="accumulator_drc_pwropted.rpt"/>
  <File Type="OPT-METHODOLOGY-DRC" Name="accumulator_methodology_drc_opted.rpt"/>
  <File Type="INIT-TIMING" Name="accumulator_timing_summary_init.rpt"/>
  <File Type="ROUTE-PWR-RPX" Name="accumulator_power_routed.rpx"/>
  <File Type="PA-TCL" Name="accumulator.tcl"/>
  <File Type="OPT-HWDEF" Name="accumulator.hwdef"/>
  <File Type="RDI-RDI" Name="accumulator.vdi"/>
  <File Type="OPT-DCP" Name="accumulator_opt.dcp"/>
  <File Type="OPT-DRC" Name="accumulator_drc_opted.rpt"/>
  <File Type="OPT-TIMING" Name="accumulator_timing_summary_opted.rpt"/>
  <File Type="PWROPT-DCP" Name="accumulator_pwropt.dcp"/>
  <File Type="PWROPT-TIMING" Name="accumulator_timing_summary_pwropted.rpt"/>
  <File Type="PLACE-DCP" Name="accumulator_placed.dcp"/>
  <File Type="PLACE-IO" Name="accumulator_io_placed.rpt"/>
  <File Type="PLACE-CLK" Name="accumulator_clock_utilization_placed.rpt"/>
  <File Type="PLACE-UTIL" Name="accumulator_utilization_placed.rpt"/>
  <File Type="PLACE-UTIL-PB" Name="accumulator_utilization_placed.pb"/>
  <File Type="PLACE-CTRL" Name="accumulator_control_sets_placed.rpt"/>
  <File Type="PLACE-SIMILARITY" Name="accumulator_incremental_reuse_placed.rpt"/>
  <File Type="PLACE-PRE-SIMILARITY" Name="accumulator_incremental_reuse_pre_placed.rpt"/>
  <File Type="PLACE-TIMING" Name="accumulator_timing_summary_placed.rpt"/>
  <File Type="POSTPLACE-PWROPT-DCP" Name="accumulator_postplace_pwropt.dcp"/>
  <File Type="POSTPLACE-PWROPT-TIMING" Name="accumulator_timing_summary_postplace_pwropted.rpt"/>
  <File Type="PHYSOPT-DCP" Name="accumulator_physopt.dcp"/>
  <File Type="PHYSOPT-DRC" Name="accumulator_drc_physopted.rpt"/>
  <File Type="PHYSOPT-TIMING" Name="accumulator_timing_summary_physopted.rpt"/>
  <File Type="ROUTE-ERROR-DCP" Name="accumulator_routed_error.dcp"/>
  <File Type="ROUTE-DCP" Name="accumulator_routed.dcp"/>
  <File Type="ROUTE-BLACKBOX-DCP" Name="accumulator_routed_bb.dcp"/>
  <File Type="ROUTE-DRC" Name="accumulator_drc_routed.rpt"/>
  <File Type="ROUTE-DRC-PB" Name="accumulator_drc_routed.pb"/>
  <File Type="BG-BIN" Name="accumulator.bin"/>
  <File Type="ROUTE-DRC-RPX" Name="accumulator_drc_routed.rpx"/>
  <File Type="BG-DRC" Name="accumulator.drc"/>
  <File Type="ROUTE-METHODOLOGY-DRC" Name="accumulator_methodology_drc_routed.rpt"/>
  <File Type="BITSTR-MSK" Name="accumulator.msk"/>
  <File Type="ROUTE-METHODOLOGY-DRC-RPX" Name="accumulator_methodology_drc_routed.rpx"/>
  <File Type="BG-BGN" Name="accumulator.bgn"/>
  <File Type="ROUTE-METHODOLOGY-DRC-PB" Name="accumulator_methodology_drc_routed.pb"/>
  <File Type="ROUTE-PWR" Name="accumulator_power_routed.rpt"/>
  <File Type="ROUTE-PWR-SUM" Name="accumulator_power_summary_routed.pb"/>
  <File Type="ROUTE-STATUS" Name="accumulator_route_status.rpt"/>
  <File Type="ROUTE-STATUS-PB" Name="accumulator_route_status.pb"/>
  <File Type="ROUTE-TIMINGSUMMARY" Name="accumulator_timing_summary_routed.rpt"/>
  <File Type="ROUTE-TIMING-PB" Name="accumulator_timing_summary_routed.pb"/>
  <File Type="ROUTE-TIMING-RPX" Name="accumulator_timing_summary_routed.rpx"/>
  <File Type="ROUTE-SIMILARITY" Name="accumulator_incremental_reuse_routed.rpt"/>
  <File Type="ROUTE-CLK" Name="accumulator_clock_utilization_routed.rpt"/>
  <File Type="POSTROUTE-PHYSOPT-DCP" Name="accumulator_postroute_physopt.dcp"/>
  <File Type="POSTROUTE-PHYSOPT-BLACKBOX-DCP" Name="accumulator_postroute_physopt_bb.dcp"/>
  <File Type="POSTROUTE-PHYSOPT-TIMING" Name="accumulator_timing_summary_postroute_physopted.rpt"/>
  <File Type="POSTROUTE-PHYSOPT-TIMING-PB" Name="accumulator_timing_summary_postroute_physopted.pb"/>
  <File Type="POSTROUTE-PHYSOPT-TIMING-RPX" Name="accumulator_timing_summary_postroute_physopted.rpx"/>
  <File Type="BG-BIT" Name="accumulator.bit"/>
  <File Type="BITSTR-RBT" Name="accumulator.rbt"/>
  <File Type="BITSTR-NKY" Name="accumulator.nky"/>
  <File Type="BITSTR-BMM" Name="accumulator_bd.bmm"/>
  <File Type="BITSTR-MMI" Name="accumulator.mmi"/>
  <File Type="BITSTR-SYSDEF" Name="accumulator.sysdef"/>
  <File Type="WBT-USG" Name="usage_statistics_webtalk.html"/>
  <FileSet Name="sources" Type="DesignSrcs" RelSrcDir="$PSRCDIR/sources_1">
    <Filter Type="Srcs"/>
    <File Path="$PSRCDIR/sources_1/imports/Quiz/ck_step_pack.vhd">
      <FileInfo>
        <Attr Name="ImportPath" Val="$PPRDIR/../../Quiz/ck_step_pack.vhd"/>
        <Attr Name="ImportTime" Val="1523162244"/>
        <Attr Name="UsedIn" Val="synthesis"/>
        <Attr Name="UsedIn" Val="simulation"/>
      </FileInfo>
    </File>
    <File Path="$PSRCDIR/sources_1/new/accumulator.vhd">
      <FileInfo>
        <Attr Name="ImportPath" Val="$PPRDIR/../accumulator/accumulator.srcs/sources_1/new/accumulator.vhd"/>
        <Attr Name="ImportTime" Val="1527377842"/>
        <Attr Name="UsedIn" Val="synthesis"/>
        <Attr Name="UsedIn" Val="simulation"/>
      </FileInfo>
    </File>
    <Config>
      <Option Name="DesignMode" Val="RTL"/>
      <Option Name="TopModule" Val="accumulator"/>
      <Option Name="TopAutoSet" Val="TRUE"/>
    </Config>
  </FileSet>
  <FileSet Name="constrs_in" Type="Constrs" RelSrcDir="$PSRCDIR/constrs_1">
    <Filter Type="Constrs"/>
    <File Path="$PSRCDIR/constrs_1/imports/ECEC-302/basys3_constrain.xdc">
      <FileInfo>
        <Attr Name="ImportPath" Val="$PPRDIR/../../basys3_constrain.xdc"/>
        <Attr Name="ImportTime" Val="1525069483"/>
        <Attr Name="UsedIn" Val="synthesis"/>
        <Attr Name="UsedIn" Val="implementation"/>
      </FileInfo>
    </File>
    <Config>
      <Option Name="ConstrsType" Val="XDC"/>
    </Config>
  </FileSet>
  <Strategy Version="1" Minor="2">
    <StratHandle Name="Vivado Implementation Defaults" Flow="Vivado Implementation 2017"/>
    <Step Id="init_design"/>
    <Step Id="opt_design"/>
    <Step Id="power_opt_design"/>
    <Step Id="place_design"/>
    <Step Id="post_place_power_opt_design"/>
    <Step Id="phys_opt_design"/>
    <Step Id="route_design"/>
    <Step Id="post_route_phys_opt_design"/>
    <Step Id="write_bitstream"/>
  </Strategy>
  <BlockFileSet Type="BlockSrcs" Name="c_accum_1"/>
</GenRun>
