<?xml version="1.0" encoding="UTF-8"?>
<GenRun Id="impl_1" LaunchPart="xc7a35tcpg236-1" LaunchTime="1528058368">
  <File Type="ROUTE-PWR" Name="bcd_array_subtract_power_routed.rpt"/>
  <File Type="PA-TCL" Name="bcd_array_subtract.tcl"/>
  <File Type="PWROPT-DCP" Name="bcd_array_subtract_pwropt.dcp"/>
  <File Type="ROUTE-PWR-SUM" Name="bcd_array_subtract_power_summary_routed.pb"/>
  <File Type="REPORTS-TCL" Name="bcd_array_subtract_reports.tcl"/>
  <File Type="BG-DRC" Name="bcd_array_subtract.drc"/>
  <File Type="OPT-HWDEF" Name="bcd_array_subtract.hwdef"/>
  <File Type="OPT-DCP" Name="bcd_array_subtract_opt.dcp"/>
  <File Type="OPT-DRC" Name="bcd_array_subtract_drc_opted.rpt"/>
  <File Type="PLACE-DCP" Name="bcd_array_subtract_placed.dcp"/>
  <File Type="PLACE-IO" Name="bcd_array_subtract_io_placed.rpt"/>
  <File Type="PLACE-UTIL" Name="bcd_array_subtract_utilization_placed.rpt"/>
  <File Type="PLACE-UTIL-PB" Name="bcd_array_subtract_utilization_placed.pb"/>
  <File Type="PLACE-CTRL" Name="bcd_array_subtract_control_sets_placed.rpt"/>
  <File Type="PLACE-PRE-SIMILARITY" Name="bcd_array_subtract_incremental_reuse_pre_placed.rpt"/>
  <File Type="POSTPLACE-PWROPT-DCP" Name="bcd_array_subtract_postplace_pwropt.dcp"/>
  <File Type="PHYSOPT-DCP" Name="bcd_array_subtract_physopt.dcp"/>
  <File Type="BG-BIT" Name="bcd_array_subtract.bit"/>
  <File Type="ROUTE-ERROR-DCP" Name="bcd_array_subtract_routed_error.dcp"/>
  <File Type="ROUTE-DCP" Name="bcd_array_subtract_routed.dcp"/>
  <File Type="ROUTE-BLACKBOX-DCP" Name="bcd_array_subtract_routed_bb.dcp"/>
  <File Type="ROUTE-DRC" Name="bcd_array_subtract_drc_routed.rpt"/>
  <File Type="ROUTE-DRC-PB" Name="bcd_array_subtract_drc_routed.pb"/>
  <File Type="ROUTE-DRC-RPX" Name="bcd_array_subtract_drc_routed.rpx"/>
  <File Type="BITSTR-MSK" Name="bcd_array_subtract.msk"/>
  <File Type="ROUTE-METHODOLOGY-DRC" Name="bcd_array_subtract_methodology_drc_routed.rpt"/>
  <File Type="BG-BGN" Name="bcd_array_subtract.bgn"/>
  <File Type="ROUTE-METHODOLOGY-DRC-RPX" Name="bcd_array_subtract_methodology_drc_routed.rpx"/>
  <File Type="BITSTR-RBT" Name="bcd_array_subtract.rbt"/>
  <File Type="ROUTE-METHODOLOGY-DRC-PB" Name="bcd_array_subtract_methodology_drc_routed.pb"/>
  <File Type="BG-BIN" Name="bcd_array_subtract.bin"/>
  <File Type="ROUTE-PWR-RPX" Name="bcd_array_subtract_power_routed.rpx"/>
  <File Type="ROUTE-STATUS" Name="bcd_array_subtract_route_status.rpt"/>
  <File Type="ROUTE-STATUS-PB" Name="bcd_array_subtract_route_status.pb"/>
  <File Type="ROUTE-TIMINGSUMMARY" Name="bcd_array_subtract_timing_summary_routed.rpt"/>
  <File Type="ROUTE-TIMING-PB" Name="bcd_array_subtract_timing_summary_routed.pb"/>
  <File Type="ROUTE-TIMING-RPX" Name="bcd_array_subtract_timing_summary_routed.rpx"/>
  <File Type="ROUTE-CLK" Name="bcd_array_subtract_clock_utilization_routed.rpt"/>
  <File Type="RDI-RDI" Name="bcd_array_subtract.vdi"/>
  <File Type="POSTROUTE-PHYSOPT-DCP" Name="bcd_array_subtract_postroute_physopt.dcp"/>
  <File Type="POSTROUTE-PHYSOPT-BLACKBOX-DCP" Name="bcd_array_subtract_postroute_physopt_bb.dcp"/>
  <File Type="BITSTR-NKY" Name="bcd_array_subtract.nky"/>
  <File Type="BITSTR-BMM" Name="bcd_array_subtract_bd.bmm"/>
  <File Type="BITSTR-MMI" Name="bcd_array_subtract.mmi"/>
  <File Type="BITSTR-LTX" Name="bcd_array_subtract.ltx"/>
  <File Type="BITSTR-SYSDEF" Name="bcd_array_subtract.sysdef"/>
  <File Type="WBT-USG" Name="usage_statistics_webtalk.html"/>
  <FileSet Name="sources" Type="DesignSrcs" RelSrcDir="$PSRCDIR/sources_1">
    <Filter Type="Srcs"/>
    <File Path="$PSRCDIR/sources_1/new/bcd_pack.vhd">
      <FileInfo>
        <Attr Name="UsedIn" Val="synthesis"/>
        <Attr Name="UsedIn" Val="simulation"/>
      </FileInfo>
    </File>
    <File Path="$PSRCDIR/sources_1/new/bcd_subract.vhd">
      <FileInfo>
        <Attr Name="UsedIn" Val="synthesis"/>
        <Attr Name="UsedIn" Val="simulation"/>
      </FileInfo>
    </File>
    <File Path="$PSRCDIR/sources_1/new/bcd_array_subtract.vhd">
      <FileInfo>
        <Attr Name="UsedIn" Val="synthesis"/>
        <Attr Name="UsedIn" Val="simulation"/>
      </FileInfo>
    </File>
    <Config>
      <Option Name="DesignMode" Val="RTL"/>
      <Option Name="TopModule" Val="bcd_array_subtract"/>
      <Option Name="TopAutoSet" Val="TRUE"/>
    </Config>
  </FileSet>
  <FileSet Name="constrs_in" Type="Constrs" RelSrcDir="$PSRCDIR/constrs_1">
    <Filter Type="Constrs"/>
    <File Path="$PPRDIR/basys3_master.xdc">
      <FileInfo>
        <Attr Name="UsedIn" Val="synthesis"/>
        <Attr Name="UsedIn" Val="implementation"/>
      </FileInfo>
    </File>
    <Config>
      <Option Name="ConstrsType" Val="XDC"/>
    </Config>
  </FileSet>
  <Strategy Version="1" Minor="2">
    <StratHandle Name="Vivado Implementation Defaults" Flow="Vivado Implementation 2017"/>
    <Step Id="init_design"/>
    <Step Id="opt_design"/>
    <Step Id="power_opt_design"/>
    <Step Id="place_design"/>
    <Step Id="post_place_power_opt_design"/>
    <Step Id="phys_opt_design"/>
    <Step Id="route_design"/>
    <Step Id="post_route_phys_opt_design"/>
    <Step Id="write_bitstream"/>
  </Strategy>
</GenRun>
