<?xml version="1.0" encoding="UTF-8"?>
<GenRun Id="synth_1" LaunchPart="xc7a35tcpg236-1" LaunchTime="1528226629">
  <File Type="RDS-PROPCONSTRS" Name="handshake1_drc_synth.rpt"/>
  <File Type="PA-TCL" Name="handshake1.tcl"/>
  <File Type="RDS-RDS" Name="handshake1.vds"/>
  <File Type="RDS-UTIL" Name="handshake1_utilization_synth.rpt"/>
  <File Type="RDS-UTIL-PB" Name="handshake1_utilization_synth.pb"/>
  <File Type="RDS-DCP" Name="handshake1.dcp"/>
  <File Type="VDS-TIMINGSUMMARY" Name="handshake1_timing_summary_synth.rpt"/>
  <File Type="VDS-TIMING-PB" Name="handshake1_timing_summary_synth.pb"/>
  <FileSet Name="sources" Type="DesignSrcs" RelSrcDir="$PSRCDIR/sources_1">
    <Filter Type="Srcs"/>
    <File Path="$PSRCDIR/sources_1/new/handshake1.vhd">
      <FileInfo>
        <Attr Name="UsedIn" Val="synthesis"/>
        <Attr Name="UsedIn" Val="simulation"/>
      </FileInfo>
    </File>
    <Config>
      <Option Name="DesignMode" Val="RTL"/>
      <Option Name="TopModule" Val="handshake1"/>
      <Option Name="TopAutoSet" Val="TRUE"/>
    </Config>
  </FileSet>
  <FileSet Name="constrs_in" Type="Constrs" RelSrcDir="$PSRCDIR/constrs_1">
    <Filter Type="Constrs"/>
    <File Path="$PPRDIR/basys3_master.xdc">
      <FileInfo>
        <Attr Name="UsedIn" Val="synthesis"/>
        <Attr Name="UsedIn" Val="implementation"/>
      </FileInfo>
    </File>
    <Config>
      <Option Name="ConstrsType" Val="XDC"/>
    </Config>
  </FileSet>
  <Strategy Version="1" Minor="2">
    <StratHandle Name="Vivado Synthesis Defaults" Flow="Vivado Synthesis 2017">
      <Desc>Vivado Synthesis Defaults</Desc>
    </StratHandle>
    <Step Id="synth_design"/>
  </Strategy>
</GenRun>
