<?xml version="1.0" encoding="UTF-8"?>
<GenRun Id="impl_1" LaunchPart="xc7a35tcpg236-1" LaunchTime="1525102819">
  <File Type="PWROPT-DRC" Name="or5_drc_pwropted.rpt"/>
  <File Type="OPT-METHODOLOGY-DRC" Name="or5_methodology_drc_opted.rpt"/>
  <File Type="INIT-TIMING" Name="or5_timing_summary_init.rpt"/>
  <File Type="ROUTE-PWR-RPX" Name="or5_power_routed.rpx"/>
  <File Type="PA-TCL" Name="or5.tcl"/>
  <File Type="OPT-HWDEF" Name="or5.hwdef"/>
  <File Type="RDI-RDI" Name="or5.vdi"/>
  <File Type="OPT-DCP" Name="or5_opt.dcp"/>
  <File Type="OPT-DRC" Name="or5_drc_opted.rpt"/>
  <File Type="OPT-TIMING" Name="or5_timing_summary_opted.rpt"/>
  <File Type="PWROPT-DCP" Name="or5_pwropt.dcp"/>
  <File Type="PWROPT-TIMING" Name="or5_timing_summary_pwropted.rpt"/>
  <File Type="PLACE-DCP" Name="or5_placed.dcp"/>
  <File Type="PLACE-IO" Name="or5_io_placed.rpt"/>
  <File Type="PLACE-CLK" Name="or5_clock_utilization_placed.rpt"/>
  <File Type="PLACE-UTIL" Name="or5_utilization_placed.rpt"/>
  <File Type="PLACE-UTIL-PB" Name="or5_utilization_placed.pb"/>
  <File Type="PLACE-CTRL" Name="or5_control_sets_placed.rpt"/>
  <File Type="PLACE-SIMILARITY" Name="or5_incremental_reuse_placed.rpt"/>
  <File Type="PLACE-PRE-SIMILARITY" Name="or5_incremental_reuse_pre_placed.rpt"/>
  <File Type="PLACE-TIMING" Name="or5_timing_summary_placed.rpt"/>
  <File Type="POSTPLACE-PWROPT-DCP" Name="or5_postplace_pwropt.dcp"/>
  <File Type="POSTPLACE-PWROPT-TIMING" Name="or5_timing_summary_postplace_pwropted.rpt"/>
  <File Type="PHYSOPT-DCP" Name="or5_physopt.dcp"/>
  <File Type="PHYSOPT-DRC" Name="or5_drc_physopted.rpt"/>
  <File Type="PHYSOPT-TIMING" Name="or5_timing_summary_physopted.rpt"/>
  <File Type="ROUTE-ERROR-DCP" Name="or5_routed_error.dcp"/>
  <File Type="ROUTE-DCP" Name="or5_routed.dcp"/>
  <File Type="ROUTE-BLACKBOX-DCP" Name="or5_routed_bb.dcp"/>
  <File Type="ROUTE-DRC" Name="or5_drc_routed.rpt"/>
  <File Type="ROUTE-DRC-PB" Name="or5_drc_routed.pb"/>
  <File Type="BG-BIN" Name="or5.bin"/>
  <File Type="ROUTE-DRC-RPX" Name="or5_drc_routed.rpx"/>
  <File Type="BG-DRC" Name="or5.drc"/>
  <File Type="ROUTE-METHODOLOGY-DRC" Name="or5_methodology_drc_routed.rpt"/>
  <File Type="BITSTR-MSK" Name="or5.msk"/>
  <File Type="ROUTE-METHODOLOGY-DRC-RPX" Name="or5_methodology_drc_routed.rpx"/>
  <File Type="BG-BGN" Name="or5.bgn"/>
  <File Type="ROUTE-METHODOLOGY-DRC-PB" Name="or5_methodology_drc_routed.pb"/>
  <File Type="ROUTE-PWR" Name="or5_power_routed.rpt"/>
  <File Type="ROUTE-PWR-SUM" Name="or5_power_summary_routed.pb"/>
  <File Type="ROUTE-STATUS" Name="or5_route_status.rpt"/>
  <File Type="ROUTE-STATUS-PB" Name="or5_route_status.pb"/>
  <File Type="ROUTE-TIMINGSUMMARY" Name="or5_timing_summary_routed.rpt"/>
  <File Type="ROUTE-TIMING-PB" Name="or5_timing_summary_routed.pb"/>
  <File Type="ROUTE-TIMING-RPX" Name="or5_timing_summary_routed.rpx"/>
  <File Type="ROUTE-SIMILARITY" Name="or5_incremental_reuse_routed.rpt"/>
  <File Type="ROUTE-CLK" Name="or5_clock_utilization_routed.rpt"/>
  <File Type="POSTROUTE-PHYSOPT-DCP" Name="or5_postroute_physopt.dcp"/>
  <File Type="POSTROUTE-PHYSOPT-BLACKBOX-DCP" Name="or5_postroute_physopt_bb.dcp"/>
  <File Type="POSTROUTE-PHYSOPT-TIMING" Name="or5_timing_summary_postroute_physopted.rpt"/>
  <File Type="POSTROUTE-PHYSOPT-TIMING-PB" Name="or5_timing_summary_postroute_physopted.pb"/>
  <File Type="POSTROUTE-PHYSOPT-TIMING-RPX" Name="or5_timing_summary_postroute_physopted.rpx"/>
  <File Type="BG-BIT" Name="or5.bit"/>
  <File Type="BITSTR-RBT" Name="or5.rbt"/>
  <File Type="BITSTR-NKY" Name="or5.nky"/>
  <File Type="BITSTR-BMM" Name="or5_bd.bmm"/>
  <File Type="BITSTR-MMI" Name="or5.mmi"/>
  <File Type="BITSTR-SYSDEF" Name="or5.sysdef"/>
  <File Type="WBT-USG" Name="usage_statistics_webtalk.html"/>
  <FileSet Name="sources" Type="DesignSrcs" RelSrcDir="$PSRCDIR/sources_1">
    <Filter Type="Srcs"/>
    <File Path="$PSRCDIR/sources_1/new/OR_Gate.vhd">
      <FileInfo>
        <Attr Name="ImportPath" Val="$PPRDIR/../OR_gate/OR_gate.srcs/sources_1/new/OR_Gate.vhd"/>
        <Attr Name="ImportTime" Val="1524959614"/>
        <Attr Name="UsedIn" Val="synthesis"/>
        <Attr Name="UsedIn" Val="simulation"/>
      </FileInfo>
    </File>
    <File Path="$PSRCDIR/sources_1/new/OR5.vhd">
      <FileInfo>
        <Attr Name="ImportPath" Val="$PPRDIR/../OR_gate/OR_gate.srcs/sources_1/new/OR5.vhd"/>
        <Attr Name="ImportTime" Val="1524962892"/>
        <Attr Name="UsedIn" Val="synthesis"/>
        <Attr Name="UsedIn" Val="simulation"/>
      </FileInfo>
    </File>
    <Config>
      <Option Name="DesignMode" Val="RTL"/>
      <Option Name="TopModule" Val="or5"/>
      <Option Name="TopAutoSet" Val="TRUE"/>
    </Config>
  </FileSet>
  <FileSet Name="constrs_in" Type="Constrs" RelSrcDir="$PSRCDIR/constrs_1">
    <Filter Type="Constrs"/>
    <File Path="$PPRDIR/basys3_master.xdc">
      <FileInfo>
        <Attr Name="UsedIn" Val="synthesis"/>
        <Attr Name="UsedIn" Val="implementation"/>
      </FileInfo>
    </File>
    <Config>
      <Option Name="ConstrsType" Val="XDC"/>
    </Config>
  </FileSet>
  <Strategy Version="1" Minor="2">
    <StratHandle Name="Vivado Implementation Defaults" Flow="Vivado Implementation 2017"/>
    <Step Id="init_design"/>
    <Step Id="opt_design"/>
    <Step Id="power_opt_design"/>
    <Step Id="place_design"/>
    <Step Id="post_place_power_opt_design"/>
    <Step Id="phys_opt_design"/>
    <Step Id="route_design"/>
    <Step Id="post_route_phys_opt_design"/>
    <Step Id="write_bitstream"/>
  </Strategy>
</GenRun>
