<?xml version="1.0" encoding="UTF-8"?>
<GenRun Id="impl_1" LaunchPart="xc7a35tcpg236-1" LaunchTime="1525100698">
  <File Type="PWROPT-DRC" Name="tgate_7_drc_pwropted.rpt"/>
  <File Type="OPT-METHODOLOGY-DRC" Name="tgate_7_methodology_drc_opted.rpt"/>
  <File Type="INIT-TIMING" Name="tgate_7_timing_summary_init.rpt"/>
  <File Type="ROUTE-PWR-RPX" Name="tgate_7_power_routed.rpx"/>
  <File Type="PA-TCL" Name="tgate_7.tcl"/>
  <File Type="OPT-HWDEF" Name="tgate_7.hwdef"/>
  <File Type="RDI-RDI" Name="tgate_7.vdi"/>
  <File Type="OPT-DCP" Name="tgate_7_opt.dcp"/>
  <File Type="OPT-DRC" Name="tgate_7_drc_opted.rpt"/>
  <File Type="OPT-TIMING" Name="tgate_7_timing_summary_opted.rpt"/>
  <File Type="PWROPT-DCP" Name="tgate_7_pwropt.dcp"/>
  <File Type="PWROPT-TIMING" Name="tgate_7_timing_summary_pwropted.rpt"/>
  <File Type="PLACE-DCP" Name="tgate_7_placed.dcp"/>
  <File Type="PLACE-IO" Name="tgate_7_io_placed.rpt"/>
  <File Type="PLACE-CLK" Name="tgate_7_clock_utilization_placed.rpt"/>
  <File Type="PLACE-UTIL" Name="tgate_7_utilization_placed.rpt"/>
  <File Type="PLACE-UTIL-PB" Name="tgate_7_utilization_placed.pb"/>
  <File Type="PLACE-CTRL" Name="tgate_7_control_sets_placed.rpt"/>
  <File Type="PLACE-SIMILARITY" Name="tgate_7_incremental_reuse_placed.rpt"/>
  <File Type="PLACE-PRE-SIMILARITY" Name="tgate_7_incremental_reuse_pre_placed.rpt"/>
  <File Type="PLACE-TIMING" Name="tgate_7_timing_summary_placed.rpt"/>
  <File Type="POSTPLACE-PWROPT-DCP" Name="tgate_7_postplace_pwropt.dcp"/>
  <File Type="POSTPLACE-PWROPT-TIMING" Name="tgate_7_timing_summary_postplace_pwropted.rpt"/>
  <File Type="PHYSOPT-DCP" Name="tgate_7_physopt.dcp"/>
  <File Type="PHYSOPT-DRC" Name="tgate_7_drc_physopted.rpt"/>
  <File Type="PHYSOPT-TIMING" Name="tgate_7_timing_summary_physopted.rpt"/>
  <File Type="ROUTE-ERROR-DCP" Name="tgate_7_routed_error.dcp"/>
  <File Type="ROUTE-DCP" Name="tgate_7_routed.dcp"/>
  <File Type="ROUTE-BLACKBOX-DCP" Name="tgate_7_routed_bb.dcp"/>
  <File Type="ROUTE-DRC" Name="tgate_7_drc_routed.rpt"/>
  <File Type="ROUTE-DRC-PB" Name="tgate_7_drc_routed.pb"/>
  <File Type="BG-BIN" Name="tgate_7.bin"/>
  <File Type="ROUTE-DRC-RPX" Name="tgate_7_drc_routed.rpx"/>
  <File Type="BG-DRC" Name="tgate_7.drc"/>
  <File Type="ROUTE-METHODOLOGY-DRC" Name="tgate_7_methodology_drc_routed.rpt"/>
  <File Type="BITSTR-MSK" Name="tgate_7.msk"/>
  <File Type="ROUTE-METHODOLOGY-DRC-RPX" Name="tgate_7_methodology_drc_routed.rpx"/>
  <File Type="BG-BGN" Name="tgate_7.bgn"/>
  <File Type="ROUTE-METHODOLOGY-DRC-PB" Name="tgate_7_methodology_drc_routed.pb"/>
  <File Type="ROUTE-PWR" Name="tgate_7_power_routed.rpt"/>
  <File Type="ROUTE-PWR-SUM" Name="tgate_7_power_summary_routed.pb"/>
  <File Type="ROUTE-STATUS" Name="tgate_7_route_status.rpt"/>
  <File Type="ROUTE-STATUS-PB" Name="tgate_7_route_status.pb"/>
  <File Type="ROUTE-TIMINGSUMMARY" Name="tgate_7_timing_summary_routed.rpt"/>
  <File Type="ROUTE-TIMING-PB" Name="tgate_7_timing_summary_routed.pb"/>
  <File Type="ROUTE-TIMING-RPX" Name="tgate_7_timing_summary_routed.rpx"/>
  <File Type="ROUTE-SIMILARITY" Name="tgate_7_incremental_reuse_routed.rpt"/>
  <File Type="ROUTE-CLK" Name="tgate_7_clock_utilization_routed.rpt"/>
  <File Type="POSTROUTE-PHYSOPT-DCP" Name="tgate_7_postroute_physopt.dcp"/>
  <File Type="POSTROUTE-PHYSOPT-BLACKBOX-DCP" Name="tgate_7_postroute_physopt_bb.dcp"/>
  <File Type="POSTROUTE-PHYSOPT-TIMING" Name="tgate_7_timing_summary_postroute_physopted.rpt"/>
  <File Type="POSTROUTE-PHYSOPT-TIMING-PB" Name="tgate_7_timing_summary_postroute_physopted.pb"/>
  <File Type="POSTROUTE-PHYSOPT-TIMING-RPX" Name="tgate_7_timing_summary_postroute_physopted.rpx"/>
  <File Type="BG-BIT" Name="tgate_7.bit"/>
  <File Type="BITSTR-RBT" Name="tgate_7.rbt"/>
  <File Type="BITSTR-NKY" Name="tgate_7.nky"/>
  <File Type="BITSTR-BMM" Name="tgate_7_bd.bmm"/>
  <File Type="BITSTR-MMI" Name="tgate_7.mmi"/>
  <File Type="BITSTR-SYSDEF" Name="tgate_7.sysdef"/>
  <File Type="WBT-USG" Name="usage_statistics_webtalk.html"/>
  <FileSet Name="sources" Type="DesignSrcs" RelSrcDir="$PSRCDIR/sources_1">
    <Filter Type="Srcs"/>
    <File Path="$PSRCDIR/sources_1/new/t_gate.vhd">
      <FileInfo>
        <Attr Name="ImportPath" Val="$PPRDIR/../threshold/threshold.srcs/sources_1/new/t_gate.vhd"/>
        <Attr Name="ImportTime" Val="1524961586"/>
        <Attr Name="UsedIn" Val="synthesis"/>
        <Attr Name="UsedIn" Val="simulation"/>
      </FileInfo>
    </File>
    <File Path="$PSRCDIR/sources_1/new/tgate_7.vhd">
      <FileInfo>
        <Attr Name="ImportPath" Val="$PPRDIR/../threshold/threshold.srcs/sources_1/new/tgate_7.vhd"/>
        <Attr Name="ImportTime" Val="1524962356"/>
        <Attr Name="UsedIn" Val="synthesis"/>
        <Attr Name="UsedIn" Val="simulation"/>
      </FileInfo>
    </File>
    <Config>
      <Option Name="DesignMode" Val="RTL"/>
      <Option Name="TopModule" Val="tgate_7"/>
      <Option Name="TopAutoSet" Val="TRUE"/>
    </Config>
  </FileSet>
  <FileSet Name="constrs_in" Type="Constrs" RelSrcDir="$PSRCDIR/constrs_1">
    <Filter Type="Constrs"/>
    <File Path="$PPRDIR/../threshold/basys3_master.xdc">
      <FileInfo>
        <Attr Name="UsedIn" Val="synthesis"/>
        <Attr Name="UsedIn" Val="implementation"/>
      </FileInfo>
    </File>
    <Config>
      <Option Name="ConstrsType" Val="XDC"/>
    </Config>
  </FileSet>
  <Strategy Version="1" Minor="2">
    <StratHandle Name="Vivado Implementation Defaults" Flow="Vivado Implementation 2017"/>
    <Step Id="init_design"/>
    <Step Id="opt_design"/>
    <Step Id="power_opt_design"/>
    <Step Id="place_design"/>
    <Step Id="post_place_power_opt_design"/>
    <Step Id="phys_opt_design"/>
    <Step Id="route_design"/>
    <Step Id="post_route_phys_opt_design"/>
    <Step Id="write_bitstream"/>
  </Strategy>
</GenRun>
