<?xml version="1.0" encoding="UTF-8"?>
<GenRun Id="impl_1" LaunchPart="xc7a35tcpg236-1" LaunchTime="1525203579">
  <File Type="PWROPT-DRC" Name="s_in_reg_drc_pwropted.rpt"/>
  <File Type="OPT-METHODOLOGY-DRC" Name="s_in_reg_methodology_drc_opted.rpt"/>
  <File Type="INIT-TIMING" Name="s_in_reg_timing_summary_init.rpt"/>
  <File Type="ROUTE-PWR-RPX" Name="s_in_reg_power_routed.rpx"/>
  <File Type="PA-TCL" Name="s_in_reg.tcl"/>
  <File Type="OPT-HWDEF" Name="s_in_reg.hwdef"/>
  <File Type="RDI-RDI" Name="s_in_reg.vdi"/>
  <File Type="OPT-DCP" Name="s_in_reg_opt.dcp"/>
  <File Type="OPT-DRC" Name="s_in_reg_drc_opted.rpt"/>
  <File Type="OPT-TIMING" Name="s_in_reg_timing_summary_opted.rpt"/>
  <File Type="PWROPT-DCP" Name="s_in_reg_pwropt.dcp"/>
  <File Type="PWROPT-TIMING" Name="s_in_reg_timing_summary_pwropted.rpt"/>
  <File Type="PLACE-DCP" Name="s_in_reg_placed.dcp"/>
  <File Type="PLACE-IO" Name="s_in_reg_io_placed.rpt"/>
  <File Type="PLACE-CLK" Name="s_in_reg_clock_utilization_placed.rpt"/>
  <File Type="PLACE-UTIL" Name="s_in_reg_utilization_placed.rpt"/>
  <File Type="PLACE-UTIL-PB" Name="s_in_reg_utilization_placed.pb"/>
  <File Type="PLACE-CTRL" Name="s_in_reg_control_sets_placed.rpt"/>
  <File Type="PLACE-SIMILARITY" Name="s_in_reg_incremental_reuse_placed.rpt"/>
  <File Type="PLACE-PRE-SIMILARITY" Name="s_in_reg_incremental_reuse_pre_placed.rpt"/>
  <File Type="PLACE-TIMING" Name="s_in_reg_timing_summary_placed.rpt"/>
  <File Type="POSTPLACE-PWROPT-DCP" Name="s_in_reg_postplace_pwropt.dcp"/>
  <File Type="POSTPLACE-PWROPT-TIMING" Name="s_in_reg_timing_summary_postplace_pwropted.rpt"/>
  <File Type="PHYSOPT-DCP" Name="s_in_reg_physopt.dcp"/>
  <File Type="PHYSOPT-DRC" Name="s_in_reg_drc_physopted.rpt"/>
  <File Type="PHYSOPT-TIMING" Name="s_in_reg_timing_summary_physopted.rpt"/>
  <File Type="ROUTE-ERROR-DCP" Name="s_in_reg_routed_error.dcp"/>
  <File Type="ROUTE-DCP" Name="s_in_reg_routed.dcp"/>
  <File Type="ROUTE-BLACKBOX-DCP" Name="s_in_reg_routed_bb.dcp"/>
  <File Type="ROUTE-DRC" Name="s_in_reg_drc_routed.rpt"/>
  <File Type="ROUTE-DRC-PB" Name="s_in_reg_drc_routed.pb"/>
  <File Type="BG-BIN" Name="s_in_reg.bin"/>
  <File Type="ROUTE-DRC-RPX" Name="s_in_reg_drc_routed.rpx"/>
  <File Type="BG-DRC" Name="s_in_reg.drc"/>
  <File Type="ROUTE-METHODOLOGY-DRC" Name="s_in_reg_methodology_drc_routed.rpt"/>
  <File Type="BITSTR-MSK" Name="s_in_reg.msk"/>
  <File Type="ROUTE-METHODOLOGY-DRC-RPX" Name="s_in_reg_methodology_drc_routed.rpx"/>
  <File Type="BG-BGN" Name="s_in_reg.bgn"/>
  <File Type="ROUTE-METHODOLOGY-DRC-PB" Name="s_in_reg_methodology_drc_routed.pb"/>
  <File Type="ROUTE-PWR" Name="s_in_reg_power_routed.rpt"/>
  <File Type="ROUTE-PWR-SUM" Name="s_in_reg_power_summary_routed.pb"/>
  <File Type="ROUTE-STATUS" Name="s_in_reg_route_status.rpt"/>
  <File Type="ROUTE-STATUS-PB" Name="s_in_reg_route_status.pb"/>
  <File Type="ROUTE-TIMINGSUMMARY" Name="s_in_reg_timing_summary_routed.rpt"/>
  <File Type="ROUTE-TIMING-PB" Name="s_in_reg_timing_summary_routed.pb"/>
  <File Type="ROUTE-TIMING-RPX" Name="s_in_reg_timing_summary_routed.rpx"/>
  <File Type="ROUTE-SIMILARITY" Name="s_in_reg_incremental_reuse_routed.rpt"/>
  <File Type="ROUTE-CLK" Name="s_in_reg_clock_utilization_routed.rpt"/>
  <File Type="POSTROUTE-PHYSOPT-DCP" Name="s_in_reg_postroute_physopt.dcp"/>
  <File Type="POSTROUTE-PHYSOPT-BLACKBOX-DCP" Name="s_in_reg_postroute_physopt_bb.dcp"/>
  <File Type="POSTROUTE-PHYSOPT-TIMING" Name="s_in_reg_timing_summary_postroute_physopted.rpt"/>
  <File Type="POSTROUTE-PHYSOPT-TIMING-PB" Name="s_in_reg_timing_summary_postroute_physopted.pb"/>
  <File Type="POSTROUTE-PHYSOPT-TIMING-RPX" Name="s_in_reg_timing_summary_postroute_physopted.rpx"/>
  <File Type="BG-BIT" Name="s_in_reg.bit"/>
  <File Type="BITSTR-RBT" Name="s_in_reg.rbt"/>
  <File Type="BITSTR-NKY" Name="s_in_reg.nky"/>
  <File Type="BITSTR-BMM" Name="s_in_reg_bd.bmm"/>
  <File Type="BITSTR-MMI" Name="s_in_reg.mmi"/>
  <File Type="BITSTR-SYSDEF" Name="s_in_reg.sysdef"/>
  <File Type="WBT-USG" Name="usage_statistics_webtalk.html"/>
  <FileSet Name="sources" Type="DesignSrcs" RelSrcDir="$PSRCDIR/sources_1">
    <Filter Type="Srcs"/>
    <File Path="$PSRCDIR/sources_1/new/s_in_reg.vhd">
      <FileInfo>
        <Attr Name="UsedIn" Val="synthesis"/>
        <Attr Name="UsedIn" Val="simulation"/>
      </FileInfo>
    </File>
    <Config>
      <Option Name="DesignMode" Val="RTL"/>
      <Option Name="TopModule" Val="s_in_reg"/>
      <Option Name="TopAutoSet" Val="TRUE"/>
    </Config>
  </FileSet>
  <FileSet Name="constrs_in" Type="Constrs" RelSrcDir="$PSRCDIR/constrs_1">
    <Filter Type="Constrs"/>
    <File Path="$PPRDIR/../basys3_master.xdc">
      <FileInfo>
        <Attr Name="UsedIn" Val="synthesis"/>
        <Attr Name="UsedIn" Val="implementation"/>
      </FileInfo>
    </File>
    <Config>
      <Option Name="ConstrsType" Val="XDC"/>
    </Config>
  </FileSet>
  <Strategy Version="1" Minor="2">
    <StratHandle Name="Vivado Implementation Defaults" Flow="Vivado Implementation 2017">
      <Desc>Default settings for Implementation.</Desc>
    </StratHandle>
    <Step Id="init_design"/>
    <Step Id="opt_design"/>
    <Step Id="power_opt_design"/>
    <Step Id="place_design"/>
    <Step Id="post_place_power_opt_design"/>
    <Step Id="phys_opt_design"/>
    <Step Id="route_design"/>
    <Step Id="post_route_phys_opt_design"/>
    <Step Id="write_bitstream"/>
  </Strategy>
</GenRun>
