<?xml version="1.0" encoding="UTF-8"?>
<GenRun Id="synth_1" LaunchPart="xc7a35tcpg236-1" LaunchTime="1525102819">
  <File Type="RDS-PROPCONSTRS" Name="or5_drc_synth.rpt"/>
  <File Type="PA-TCL" Name="or5.tcl"/>
  <File Type="RDS-RDS" Name="or5.vds"/>
  <File Type="RDS-UTIL" Name="or5_utilization_synth.rpt"/>
  <File Type="RDS-UTIL-PB" Name="or5_utilization_synth.pb"/>
  <File Type="RDS-DCP" Name="or5.dcp"/>
  <File Type="VDS-TIMINGSUMMARY" Name="or5_timing_summary_synth.rpt"/>
  <File Type="VDS-TIMING-PB" Name="or5_timing_summary_synth.pb"/>
  <FileSet Name="sources" Type="DesignSrcs" RelSrcDir="$PSRCDIR/sources_1">
    <Filter Type="Srcs"/>
    <File Path="$PSRCDIR/sources_1/new/OR_Gate.vhd">
      <FileInfo>
        <Attr Name="ImportPath" Val="$PPRDIR/../OR_gate/OR_gate.srcs/sources_1/new/OR_Gate.vhd"/>
        <Attr Name="ImportTime" Val="1524959614"/>
        <Attr Name="UsedIn" Val="synthesis"/>
        <Attr Name="UsedIn" Val="simulation"/>
      </FileInfo>
    </File>
    <File Path="$PSRCDIR/sources_1/new/OR5.vhd">
      <FileInfo>
        <Attr Name="ImportPath" Val="$PPRDIR/../OR_gate/OR_gate.srcs/sources_1/new/OR5.vhd"/>
        <Attr Name="ImportTime" Val="1524962892"/>
        <Attr Name="UsedIn" Val="synthesis"/>
        <Attr Name="UsedIn" Val="simulation"/>
      </FileInfo>
    </File>
    <Config>
      <Option Name="DesignMode" Val="RTL"/>
      <Option Name="TopModule" Val="or5"/>
      <Option Name="TopAutoSet" Val="TRUE"/>
    </Config>
  </FileSet>
  <FileSet Name="constrs_in" Type="Constrs" RelSrcDir="$PSRCDIR/constrs_1">
    <Filter Type="Constrs"/>
    <File Path="$PPRDIR/basys3_master.xdc">
      <FileInfo>
        <Attr Name="UsedIn" Val="synthesis"/>
        <Attr Name="UsedIn" Val="implementation"/>
      </FileInfo>
    </File>
    <Config>
      <Option Name="ConstrsType" Val="XDC"/>
    </Config>
  </FileSet>
  <Strategy Version="1" Minor="2">
    <StratHandle Name="Vivado Synthesis Defaults" Flow="Vivado Synthesis 2017"/>
    <Step Id="synth_design"/>
  </Strategy>
</GenRun>
