<?xml version="1.0" encoding="UTF-8"?>
<GenRun Id="impl_1" LaunchPart="xc7a35tcpg236-1" LaunchTime="1524959678">
  <File Type="PWROPT-DCP" Name="Mux7_pwropt.dcp"/>
  <File Type="ROUTE-PWR" Name="Mux7_power_routed.rpt"/>
  <File Type="PA-TCL" Name="Mux7.tcl"/>
  <File Type="ROUTE-PWR-SUM" Name="Mux7_power_summary_routed.pb"/>
  <File Type="REPORTS-TCL" Name="Mux7_reports.tcl"/>
  <File Type="BG-DRC" Name="Mux7.drc"/>
  <File Type="OPT-METHODOLOGY-DRC" Name="Mux7_methodology_drc_opted.rpt"/>
  <File Type="INIT-TIMING" Name="Mux7_timing_summary_init.rpt"/>
  <File Type="OPT-HWDEF" Name="Mux7.hwdef"/>
  <File Type="OPT-DCP" Name="Mux7_opt.dcp"/>
  <File Type="OPT-DRC" Name="Mux7_drc_opted.rpt"/>
  <File Type="OPT-TIMING" Name="Mux7_timing_summary_opted.rpt"/>
  <File Type="PWROPT-DRC" Name="Mux7_drc_pwropted.rpt"/>
  <File Type="PWROPT-TIMING" Name="Mux7_timing_summary_pwropted.rpt"/>
  <File Type="PLACE-DCP" Name="Mux7_placed.dcp"/>
  <File Type="PLACE-IO" Name="Mux7_io_placed.rpt"/>
  <File Type="PLACE-CLK" Name="Mux7_clock_utilization_placed.rpt"/>
  <File Type="PLACE-UTIL" Name="Mux7_utilization_placed.rpt"/>
  <File Type="PLACE-UTIL-PB" Name="Mux7_utilization_placed.pb"/>
  <File Type="PLACE-CTRL" Name="Mux7_control_sets_placed.rpt"/>
  <File Type="PLACE-SIMILARITY" Name="Mux7_incremental_reuse_placed.rpt"/>
  <File Type="PLACE-PRE-SIMILARITY" Name="Mux7_incremental_reuse_pre_placed.rpt"/>
  <File Type="PLACE-TIMING" Name="Mux7_timing_summary_placed.rpt"/>
  <File Type="POSTPLACE-PWROPT-DCP" Name="Mux7_postplace_pwropt.dcp"/>
  <File Type="POSTPLACE-PWROPT-TIMING" Name="Mux7_timing_summary_postplace_pwropted.rpt"/>
  <File Type="PHYSOPT-DCP" Name="Mux7_physopt.dcp"/>
  <File Type="PHYSOPT-DRC" Name="Mux7_drc_physopted.rpt"/>
  <File Type="BG-BIT" Name="Mux7.bit"/>
  <File Type="PHYSOPT-TIMING" Name="Mux7_timing_summary_physopted.rpt"/>
  <File Type="ROUTE-ERROR-DCP" Name="Mux7_routed_error.dcp"/>
  <File Type="ROUTE-DCP" Name="Mux7_routed.dcp"/>
  <File Type="ROUTE-BLACKBOX-DCP" Name="Mux7_routed_bb.dcp"/>
  <File Type="ROUTE-DRC" Name="Mux7_drc_routed.rpt"/>
  <File Type="ROUTE-DRC-PB" Name="Mux7_drc_routed.pb"/>
  <File Type="BITSTR-MSK" Name="Mux7.msk"/>
  <File Type="ROUTE-DRC-RPX" Name="Mux7_drc_routed.rpx"/>
  <File Type="BG-BGN" Name="Mux7.bgn"/>
  <File Type="ROUTE-METHODOLOGY-DRC" Name="Mux7_methodology_drc_routed.rpt"/>
  <File Type="BITSTR-RBT" Name="Mux7.rbt"/>
  <File Type="ROUTE-METHODOLOGY-DRC-RPX" Name="Mux7_methodology_drc_routed.rpx"/>
  <File Type="BG-BIN" Name="Mux7.bin"/>
  <File Type="ROUTE-METHODOLOGY-DRC-PB" Name="Mux7_methodology_drc_routed.pb"/>
  <File Type="ROUTE-PWR-RPX" Name="Mux7_power_routed.rpx"/>
  <File Type="ROUTE-STATUS" Name="Mux7_route_status.rpt"/>
  <File Type="ROUTE-STATUS-PB" Name="Mux7_route_status.pb"/>
  <File Type="ROUTE-TIMINGSUMMARY" Name="Mux7_timing_summary_routed.rpt"/>
  <File Type="ROUTE-TIMING-PB" Name="Mux7_timing_summary_routed.pb"/>
  <File Type="ROUTE-TIMING-RPX" Name="Mux7_timing_summary_routed.rpx"/>
  <File Type="ROUTE-SIMILARITY" Name="Mux7_incremental_reuse_routed.rpt"/>
  <File Type="RDI-RDI" Name="Mux7.vdi"/>
  <File Type="ROUTE-CLK" Name="Mux7_clock_utilization_routed.rpt"/>
  <File Type="POSTROUTE-PHYSOPT-DCP" Name="Mux7_postroute_physopt.dcp"/>
  <File Type="POSTROUTE-PHYSOPT-BLACKBOX-DCP" Name="Mux7_postroute_physopt_bb.dcp"/>
  <File Type="POSTROUTE-PHYSOPT-TIMING" Name="Mux7_timing_summary_postroute_physopted.rpt"/>
  <File Type="POSTROUTE-PHYSOPT-TIMING-PB" Name="Mux7_timing_summary_postroute_physopted.pb"/>
  <File Type="POSTROUTE-PHYSOPT-TIMING-RPX" Name="Mux7_timing_summary_postroute_physopted.rpx"/>
  <File Type="BITSTR-NKY" Name="Mux7.nky"/>
  <File Type="BITSTR-BMM" Name="Mux7_bd.bmm"/>
  <File Type="BITSTR-MMI" Name="Mux7.mmi"/>
  <File Type="BITSTR-LTX" Name="debug_nets.ltx"/>
  <File Type="BITSTR-LTX" Name="Mux7.ltx"/>
  <File Type="BITSTR-SYSDEF" Name="Mux7.sysdef"/>
  <File Type="WBT-USG" Name="usage_statistics_webtalk.html"/>
  <FileSet Name="sources" Type="DesignSrcs" RelSrcDir="$PSRCDIR/sources_1">
    <Filter Type="Srcs"/>
    <File Path="$PSRCDIR/sources_1/new/mux.vhd">
      <FileInfo>
        <Attr Name="UsedIn" Val="synthesis"/>
        <Attr Name="UsedIn" Val="simulation"/>
      </FileInfo>
    </File>
    <File Path="$PSRCDIR/sources_1/new/Mux7.vhd">
      <FileInfo>
        <Attr Name="UsedIn" Val="synthesis"/>
        <Attr Name="UsedIn" Val="simulation"/>
      </FileInfo>
    </File>
    <Config>
      <Option Name="DesignMode" Val="RTL"/>
      <Option Name="TopModule" Val="Mux7"/>
      <Option Name="TopAutoSet" Val="TRUE"/>
    </Config>
  </FileSet>
  <FileSet Name="constrs_in" Type="Constrs" RelSrcDir="$PSRCDIR/constrs_1">
    <Filter Type="Constrs"/>
    <File Path="$PPRDIR/basys3_master.xdc">
      <FileInfo>
        <Attr Name="UsedIn" Val="synthesis"/>
        <Attr Name="UsedIn" Val="implementation"/>
      </FileInfo>
    </File>
    <Config>
      <Option Name="ConstrsType" Val="XDC"/>
    </Config>
  </FileSet>
  <Strategy Version="1" Minor="2">
    <StratHandle Name="Vivado Implementation Defaults" Flow="Vivado Implementation 2017">
      <Desc>Default settings for Implementation.</Desc>
    </StratHandle>
    <Step Id="init_design"/>
    <Step Id="opt_design"/>
    <Step Id="power_opt_design"/>
    <Step Id="place_design"/>
    <Step Id="post_place_power_opt_design"/>
    <Step Id="phys_opt_design"/>
    <Step Id="route_design"/>
    <Step Id="post_route_phys_opt_design"/>
    <Step Id="write_bitstream"/>
  </Strategy>
</GenRun>
