<?xml version="1.0" encoding="UTF-8"?>
<GenRun Id="c_accum_1_synth_1" LaunchPart="xc7a35tcpg236-1" LaunchTime="1527619612">
  <File Type="RDS-PROPCONSTRS" Name="c_accum_1_drc_synth.rpt"/>
  <File Type="PA-TCL" Name="c_accum_1.tcl"/>
  <File Type="RDS-RDS" Name="c_accum_1.vds"/>
  <File Type="RDS-UTIL" Name="c_accum_1_utilization_synth.rpt"/>
  <File Type="RDS-UTIL-PB" Name="c_accum_1_utilization_synth.pb"/>
  <File Type="RDS-DCP" Name="c_accum_1.dcp"/>
  <File Type="VDS-TIMINGSUMMARY" Name="c_accum_1_timing_summary_synth.rpt"/>
  <File Type="VDS-TIMING-PB" Name="c_accum_1_timing_summary_synth.pb"/>
  <FileSet Name="sources" Type="BlockSrcs" RelSrcDir="$PSRCDIR/c_accum_1">
    <File Path="$PSRCDIR/sources_1/ip/c_accum_1/c_accum_1.xci">
      <FileInfo>
        <Attr Name="UsedIn" Val="synthesis"/>
        <Attr Name="UsedIn" Val="implementation"/>
        <Attr Name="UsedIn" Val="simulation"/>
      </FileInfo>
    </File>
    <Config>
      <Option Name="TopModule" Val="c_accum_1"/>
      <Option Name="UseBlackboxStub" Val="1"/>
    </Config>
  </FileSet>
  <FileSet Name="constrs_in" Type="BlockSrcs" RelSrcDir="$PSRCDIR/c_accum_1">
    <File Path="$PSRCDIR/sources_1/ip/c_accum_1/c_accum_1.xci">
      <FileInfo>
        <Attr Name="UsedIn" Val="synthesis"/>
        <Attr Name="UsedIn" Val="implementation"/>
        <Attr Name="UsedIn" Val="simulation"/>
      </FileInfo>
    </File>
    <Config>
      <Option Name="TopModule" Val="c_accum_1"/>
      <Option Name="UseBlackboxStub" Val="1"/>
    </Config>
  </FileSet>
  <Strategy Version="1" Minor="2">
    <StratHandle Name="Vivado Synthesis Defaults" Flow="Vivado Synthesis 2017">
      <Desc>Vivado Synthesis Defaults</Desc>
    </StratHandle>
    <Step Id="synth_design"/>
  </Strategy>
</GenRun>
