<?xml version="1.0" encoding="UTF-8"?>
<GenRun Id="impl_1" LaunchPart="xc7a35tcpg236-1" LaunchTime="1528165295">
  <File Type="PWROPT-DCP" Name="fact_pwropt.dcp"/>
  <File Type="ROUTE-PWR" Name="fact_power_routed.rpt"/>
  <File Type="PA-TCL" Name="fact.tcl"/>
  <File Type="ROUTE-PWR-SUM" Name="fact_power_summary_routed.pb"/>
  <File Type="REPORTS-TCL" Name="fact_reports.tcl"/>
  <File Type="BG-DRC" Name="fact.drc"/>
  <File Type="OPT-METHODOLOGY-DRC" Name="fact_methodology_drc_opted.rpt"/>
  <File Type="INIT-TIMING" Name="fact_timing_summary_init.rpt"/>
  <File Type="OPT-HWDEF" Name="fact.hwdef"/>
  <File Type="OPT-DCP" Name="fact_opt.dcp"/>
  <File Type="OPT-DRC" Name="fact_drc_opted.rpt"/>
  <File Type="OPT-TIMING" Name="fact_timing_summary_opted.rpt"/>
  <File Type="PWROPT-DRC" Name="fact_drc_pwropted.rpt"/>
  <File Type="PWROPT-TIMING" Name="fact_timing_summary_pwropted.rpt"/>
  <File Type="PLACE-DCP" Name="fact_placed.dcp"/>
  <File Type="PLACE-IO" Name="fact_io_placed.rpt"/>
  <File Type="PLACE-CLK" Name="fact_clock_utilization_placed.rpt"/>
  <File Type="PLACE-UTIL" Name="fact_utilization_placed.rpt"/>
  <File Type="PLACE-UTIL-PB" Name="fact_utilization_placed.pb"/>
  <File Type="PLACE-CTRL" Name="fact_control_sets_placed.rpt"/>
  <File Type="PLACE-SIMILARITY" Name="fact_incremental_reuse_placed.rpt"/>
  <File Type="PLACE-PRE-SIMILARITY" Name="fact_incremental_reuse_pre_placed.rpt"/>
  <File Type="PLACE-TIMING" Name="fact_timing_summary_placed.rpt"/>
  <File Type="POSTPLACE-PWROPT-DCP" Name="fact_postplace_pwropt.dcp"/>
  <File Type="POSTPLACE-PWROPT-TIMING" Name="fact_timing_summary_postplace_pwropted.rpt"/>
  <File Type="PHYSOPT-DCP" Name="fact_physopt.dcp"/>
  <File Type="PHYSOPT-DRC" Name="fact_drc_physopted.rpt"/>
  <File Type="BG-BIT" Name="fact.bit"/>
  <File Type="PHYSOPT-TIMING" Name="fact_timing_summary_physopted.rpt"/>
  <File Type="ROUTE-ERROR-DCP" Name="fact_routed_error.dcp"/>
  <File Type="ROUTE-DCP" Name="fact_routed.dcp"/>
  <File Type="ROUTE-BLACKBOX-DCP" Name="fact_routed_bb.dcp"/>
  <File Type="ROUTE-DRC" Name="fact_drc_routed.rpt"/>
  <File Type="ROUTE-DRC-PB" Name="fact_drc_routed.pb"/>
  <File Type="BITSTR-MSK" Name="fact.msk"/>
  <File Type="ROUTE-DRC-RPX" Name="fact_drc_routed.rpx"/>
  <File Type="BG-BGN" Name="fact.bgn"/>
  <File Type="ROUTE-METHODOLOGY-DRC" Name="fact_methodology_drc_routed.rpt"/>
  <File Type="BITSTR-RBT" Name="fact.rbt"/>
  <File Type="ROUTE-METHODOLOGY-DRC-RPX" Name="fact_methodology_drc_routed.rpx"/>
  <File Type="BG-BIN" Name="fact.bin"/>
  <File Type="ROUTE-METHODOLOGY-DRC-PB" Name="fact_methodology_drc_routed.pb"/>
  <File Type="ROUTE-PWR-RPX" Name="fact_power_routed.rpx"/>
  <File Type="ROUTE-STATUS" Name="fact_route_status.rpt"/>
  <File Type="ROUTE-STATUS-PB" Name="fact_route_status.pb"/>
  <File Type="ROUTE-TIMINGSUMMARY" Name="fact_timing_summary_routed.rpt"/>
  <File Type="ROUTE-TIMING-PB" Name="fact_timing_summary_routed.pb"/>
  <File Type="ROUTE-TIMING-RPX" Name="fact_timing_summary_routed.rpx"/>
  <File Type="ROUTE-SIMILARITY" Name="fact_incremental_reuse_routed.rpt"/>
  <File Type="RDI-RDI" Name="fact.vdi"/>
  <File Type="ROUTE-CLK" Name="fact_clock_utilization_routed.rpt"/>
  <File Type="POSTROUTE-PHYSOPT-DCP" Name="fact_postroute_physopt.dcp"/>
  <File Type="POSTROUTE-PHYSOPT-BLACKBOX-DCP" Name="fact_postroute_physopt_bb.dcp"/>
  <File Type="POSTROUTE-PHYSOPT-TIMING" Name="fact_timing_summary_postroute_physopted.rpt"/>
  <File Type="POSTROUTE-PHYSOPT-TIMING-PB" Name="fact_timing_summary_postroute_physopted.pb"/>
  <File Type="POSTROUTE-PHYSOPT-TIMING-RPX" Name="fact_timing_summary_postroute_physopted.rpx"/>
  <File Type="BITSTR-NKY" Name="fact.nky"/>
  <File Type="BITSTR-BMM" Name="fact_bd.bmm"/>
  <File Type="BITSTR-MMI" Name="fact.mmi"/>
  <File Type="BITSTR-LTX" Name="debug_nets.ltx"/>
  <File Type="BITSTR-LTX" Name="fact.ltx"/>
  <File Type="BITSTR-SYSDEF" Name="fact.sysdef"/>
  <File Type="WBT-USG" Name="usage_statistics_webtalk.html"/>
  <FileSet Name="sources" Type="DesignSrcs" RelSrcDir="$PSRCDIR/sources_1">
    <Filter Type="Srcs"/>
    <File Path="$PSRCDIR/sources_1/new/fact.vhd">
      <FileInfo>
        <Attr Name="UsedIn" Val="synthesis"/>
        <Attr Name="UsedIn" Val="simulation"/>
      </FileInfo>
    </File>
    <Config>
      <Option Name="DesignMode" Val="RTL"/>
      <Option Name="TopModule" Val="fact"/>
      <Option Name="TopAutoSet" Val="TRUE"/>
    </Config>
  </FileSet>
  <FileSet Name="constrs_in" Type="Constrs" RelSrcDir="$PSRCDIR/constrs_1">
    <Filter Type="Constrs"/>
    <Config>
      <Option Name="ConstrsType" Val="XDC"/>
    </Config>
  </FileSet>
  <Strategy Version="1" Minor="2">
    <StratHandle Name="Vivado Implementation Defaults" Flow="Vivado Implementation 2017">
      <Desc>Default settings for Implementation.</Desc>
    </StratHandle>
    <Step Id="init_design"/>
    <Step Id="opt_design"/>
    <Step Id="power_opt_design"/>
    <Step Id="place_design"/>
    <Step Id="post_place_power_opt_design"/>
    <Step Id="phys_opt_design"/>
    <Step Id="route_design"/>
    <Step Id="post_route_phys_opt_design"/>
    <Step Id="write_bitstream"/>
  </Strategy>
</GenRun>
