<?xml version="1.0" encoding="UTF-8"?>
<GenRun Id="impl_1" LaunchPart="xc7a35tcpg236-1" LaunchTime="1528128466">
  <File Type="PWROPT-DRC" Name="bcd_subtract_tb_drc_pwropted.rpt"/>
  <File Type="OPT-METHODOLOGY-DRC" Name="bcd_subtract_tb_methodology_drc_opted.rpt"/>
  <File Type="INIT-TIMING" Name="bcd_subtract_tb_timing_summary_init.rpt"/>
  <File Type="ROUTE-PWR-RPX" Name="bcd_subtract_tb_power_routed.rpx"/>
  <File Type="PA-TCL" Name="bcd_subtract_tb.tcl"/>
  <File Type="OPT-HWDEF" Name="bcd_subtract_tb.hwdef"/>
  <File Type="RDI-RDI" Name="bcd_subtract_tb.vdi"/>
  <File Type="OPT-DCP" Name="bcd_subtract_tb_opt.dcp"/>
  <File Type="OPT-DRC" Name="bcd_subtract_tb_drc_opted.rpt"/>
  <File Type="OPT-TIMING" Name="bcd_subtract_tb_timing_summary_opted.rpt"/>
  <File Type="PWROPT-DCP" Name="bcd_subtract_tb_pwropt.dcp"/>
  <File Type="PWROPT-TIMING" Name="bcd_subtract_tb_timing_summary_pwropted.rpt"/>
  <File Type="PLACE-DCP" Name="bcd_subtract_tb_placed.dcp"/>
  <File Type="PLACE-IO" Name="bcd_subtract_tb_io_placed.rpt"/>
  <File Type="PLACE-CLK" Name="bcd_subtract_tb_clock_utilization_placed.rpt"/>
  <File Type="PLACE-UTIL" Name="bcd_subtract_tb_utilization_placed.rpt"/>
  <File Type="PLACE-UTIL-PB" Name="bcd_subtract_tb_utilization_placed.pb"/>
  <File Type="PLACE-CTRL" Name="bcd_subtract_tb_control_sets_placed.rpt"/>
  <File Type="PLACE-SIMILARITY" Name="bcd_subtract_tb_incremental_reuse_placed.rpt"/>
  <File Type="PLACE-PRE-SIMILARITY" Name="bcd_subtract_tb_incremental_reuse_pre_placed.rpt"/>
  <File Type="PLACE-TIMING" Name="bcd_subtract_tb_timing_summary_placed.rpt"/>
  <File Type="POSTPLACE-PWROPT-DCP" Name="bcd_subtract_tb_postplace_pwropt.dcp"/>
  <File Type="POSTPLACE-PWROPT-TIMING" Name="bcd_subtract_tb_timing_summary_postplace_pwropted.rpt"/>
  <File Type="PHYSOPT-DCP" Name="bcd_subtract_tb_physopt.dcp"/>
  <File Type="PHYSOPT-DRC" Name="bcd_subtract_tb_drc_physopted.rpt"/>
  <File Type="PHYSOPT-TIMING" Name="bcd_subtract_tb_timing_summary_physopted.rpt"/>
  <File Type="ROUTE-ERROR-DCP" Name="bcd_subtract_tb_routed_error.dcp"/>
  <File Type="ROUTE-DCP" Name="bcd_subtract_tb_routed.dcp"/>
  <File Type="ROUTE-BLACKBOX-DCP" Name="bcd_subtract_tb_routed_bb.dcp"/>
  <File Type="ROUTE-DRC" Name="bcd_subtract_tb_drc_routed.rpt"/>
  <File Type="ROUTE-DRC-PB" Name="bcd_subtract_tb_drc_routed.pb"/>
  <File Type="BG-BIN" Name="bcd_subtract_tb.bin"/>
  <File Type="ROUTE-DRC-RPX" Name="bcd_subtract_tb_drc_routed.rpx"/>
  <File Type="BG-DRC" Name="bcd_subtract_tb.drc"/>
  <File Type="ROUTE-METHODOLOGY-DRC" Name="bcd_subtract_tb_methodology_drc_routed.rpt"/>
  <File Type="BITSTR-MSK" Name="bcd_subtract_tb.msk"/>
  <File Type="ROUTE-METHODOLOGY-DRC-RPX" Name="bcd_subtract_tb_methodology_drc_routed.rpx"/>
  <File Type="BG-BGN" Name="bcd_subtract_tb.bgn"/>
  <File Type="ROUTE-METHODOLOGY-DRC-PB" Name="bcd_subtract_tb_methodology_drc_routed.pb"/>
  <File Type="ROUTE-PWR" Name="bcd_subtract_tb_power_routed.rpt"/>
  <File Type="ROUTE-PWR-SUM" Name="bcd_subtract_tb_power_summary_routed.pb"/>
  <File Type="ROUTE-STATUS" Name="bcd_subtract_tb_route_status.rpt"/>
  <File Type="ROUTE-STATUS-PB" Name="bcd_subtract_tb_route_status.pb"/>
  <File Type="ROUTE-TIMINGSUMMARY" Name="bcd_subtract_tb_timing_summary_routed.rpt"/>
  <File Type="ROUTE-TIMING-PB" Name="bcd_subtract_tb_timing_summary_routed.pb"/>
  <File Type="ROUTE-TIMING-RPX" Name="bcd_subtract_tb_timing_summary_routed.rpx"/>
  <File Type="ROUTE-SIMILARITY" Name="bcd_subtract_tb_incremental_reuse_routed.rpt"/>
  <File Type="ROUTE-CLK" Name="bcd_subtract_tb_clock_utilization_routed.rpt"/>
  <File Type="POSTROUTE-PHYSOPT-DCP" Name="bcd_subtract_tb_postroute_physopt.dcp"/>
  <File Type="POSTROUTE-PHYSOPT-BLACKBOX-DCP" Name="bcd_subtract_tb_postroute_physopt_bb.dcp"/>
  <File Type="POSTROUTE-PHYSOPT-TIMING" Name="bcd_subtract_tb_timing_summary_postroute_physopted.rpt"/>
  <File Type="POSTROUTE-PHYSOPT-TIMING-PB" Name="bcd_subtract_tb_timing_summary_postroute_physopted.pb"/>
  <File Type="POSTROUTE-PHYSOPT-TIMING-RPX" Name="bcd_subtract_tb_timing_summary_postroute_physopted.rpx"/>
  <File Type="BG-BIT" Name="bcd_subtract_tb.bit"/>
  <File Type="BITSTR-RBT" Name="bcd_subtract_tb.rbt"/>
  <File Type="BITSTR-NKY" Name="bcd_subtract_tb.nky"/>
  <File Type="BITSTR-BMM" Name="bcd_subtract_tb_bd.bmm"/>
  <File Type="BITSTR-MMI" Name="bcd_subtract_tb.mmi"/>
  <File Type="BITSTR-SYSDEF" Name="bcd_subtract_tb.sysdef"/>
  <File Type="WBT-USG" Name="usage_statistics_webtalk.html"/>
  <FileSet Name="sources" Type="DesignSrcs" RelSrcDir="$PSRCDIR/sources_1">
    <Filter Type="Srcs"/>
    <File Path="$PSRCDIR/sources_1/new/bcd_pack.vhd">
      <FileInfo>
        <Attr Name="UsedIn" Val="synthesis"/>
        <Attr Name="UsedIn" Val="simulation"/>
      </FileInfo>
    </File>
    <File Path="$PSRCDIR/sources_1/new/BCD_arraysubtractor.vhd">
      <FileInfo>
        <Attr Name="UsedIn" Val="synthesis"/>
        <Attr Name="UsedIn" Val="simulation"/>
      </FileInfo>
    </File>
    <File Path="$PSRCDIR/sources_1/new/bcd_subtract.vhd">
      <FileInfo>
        <Attr Name="UsedIn" Val="synthesis"/>
        <Attr Name="UsedIn" Val="simulation"/>
      </FileInfo>
    </File>
    <File Path="$PSRCDIR/sources_1/new/bcd_subtract_tb.vhd">
      <FileInfo>
        <Attr Name="UsedIn" Val="synthesis"/>
        <Attr Name="UsedIn" Val="simulation"/>
      </FileInfo>
    </File>
    <Config>
      <Option Name="DesignMode" Val="RTL"/>
      <Option Name="TopModule" Val="bcd_subtract_tb"/>
      <Option Name="TopAutoSet" Val="TRUE"/>
    </Config>
  </FileSet>
  <FileSet Name="constrs_in" Type="Constrs" RelSrcDir="$PSRCDIR/constrs_1">
    <Filter Type="Constrs"/>
    <File Path="$PPRDIR/basys3_master.xdc">
      <FileInfo>
        <Attr Name="UsedIn" Val="synthesis"/>
        <Attr Name="UsedIn" Val="implementation"/>
      </FileInfo>
    </File>
    <Config>
      <Option Name="ConstrsType" Val="XDC"/>
    </Config>
  </FileSet>
  <Strategy Version="1" Minor="2">
    <StratHandle Name="Vivado Implementation Defaults" Flow="Vivado Implementation 2017">
      <Desc>Default settings for Implementation.</Desc>
    </StratHandle>
    <Step Id="init_design"/>
    <Step Id="opt_design"/>
    <Step Id="power_opt_design"/>
    <Step Id="place_design"/>
    <Step Id="post_place_power_opt_design"/>
    <Step Id="phys_opt_design"/>
    <Step Id="route_design"/>
    <Step Id="post_route_phys_opt_design"/>
    <Step Id="write_bitstream"/>
  </Strategy>
</GenRun>
