<?xml version="1.0" encoding="UTF-8"?>
<GenRun Id="synth_1" LaunchPart="xc7a35tcpg236-1" LaunchTime="1526924793">
  <File Type="RDS-PROPCONSTRS" Name="pipe_mult_tb_drc_synth.rpt"/>
  <File Type="PA-TCL" Name="pipe_mult_tb.tcl"/>
  <File Type="RDS-RDS" Name="pipe_mult_tb.vds"/>
  <File Type="RDS-UTIL" Name="pipe_mult_tb_utilization_synth.rpt"/>
  <File Type="RDS-UTIL-PB" Name="pipe_mult_tb_utilization_synth.pb"/>
  <File Type="RDS-DCP" Name="pipe_mult_tb.dcp"/>
  <File Type="VDS-TIMINGSUMMARY" Name="pipe_mult_tb_timing_summary_synth.rpt"/>
  <File Type="VDS-TIMING-PB" Name="pipe_mult_tb_timing_summary_synth.pb"/>
  <FileSet Name="sources" Type="DesignSrcs" RelSrcDir="$PSRCDIR/sources_1">
    <Filter Type="Srcs"/>
    <File Path="$PSRCDIR/sources_1/new/DFF.vhd">
      <FileInfo>
        <Attr Name="ImportPath" Val="$PPRDIR/../pipe_mult/pipe_mult.srcs/sources_1/new/DFF.vhd"/>
        <Attr Name="ImportTime" Val="1526485132"/>
        <Attr Name="UsedIn" Val="synthesis"/>
        <Attr Name="UsedIn" Val="simulation"/>
      </FileInfo>
    </File>
    <File Path="$PSRCDIR/sources_1/imports/Quiz/ck_step_pack.vhd">
      <FileInfo>
        <Attr Name="ImportPath" Val="$PPRDIR/../../Quiz/ck_step_pack.vhd"/>
        <Attr Name="ImportTime" Val="1523162244"/>
        <Attr Name="UsedIn" Val="synthesis"/>
        <Attr Name="UsedIn" Val="simulation"/>
      </FileInfo>
    </File>
    <File Path="$PSRCDIR/sources_1/new/pe.vhd">
      <FileInfo>
        <Attr Name="ImportPath" Val="$PPRDIR/../pipe_mult/pipe_mult.srcs/sources_1/new/pe.vhd"/>
        <Attr Name="ImportTime" Val="1526485132"/>
        <Attr Name="UsedIn" Val="synthesis"/>
        <Attr Name="UsedIn" Val="simulation"/>
      </FileInfo>
    </File>
    <File Path="$PSRCDIR/sources_1/new/pipe_mult.vhd">
      <FileInfo>
        <Attr Name="ImportPath" Val="$PPRDIR/../pipe_mult/pipe_mult.srcs/sources_1/new/pipe_mult.vhd"/>
        <Attr Name="ImportTime" Val="1526485132"/>
        <Attr Name="UsedIn" Val="synthesis"/>
        <Attr Name="UsedIn" Val="simulation"/>
      </FileInfo>
    </File>
    <File Path="$PSRCDIR/sources_1/new/pipe_mult_tb.vhd">
      <FileInfo>
        <Attr Name="ImportPath" Val="$PPRDIR/../pipe_mult/pipe_mult.srcs/sources_1/new/pipe_mult_tb.vhd"/>
        <Attr Name="ImportTime" Val="1526485132"/>
        <Attr Name="UsedIn" Val="synthesis"/>
        <Attr Name="UsedIn" Val="simulation"/>
      </FileInfo>
    </File>
    <Config>
      <Option Name="DesignMode" Val="RTL"/>
      <Option Name="TopModule" Val="pipe_mult_tb"/>
      <Option Name="TopAutoSet" Val="TRUE"/>
    </Config>
  </FileSet>
  <FileSet Name="constrs_in" Type="Constrs" RelSrcDir="$PSRCDIR/constrs_1">
    <Filter Type="Constrs"/>
    <File Path="$PSRCDIR/constrs_1/imports/ECEC-302/basys3_constrain.xdc">
      <FileInfo>
        <Attr Name="ImportPath" Val="$PPRDIR/../../basys3_constrain.xdc"/>
        <Attr Name="ImportTime" Val="1525069483"/>
        <Attr Name="UsedIn" Val="synthesis"/>
        <Attr Name="UsedIn" Val="implementation"/>
      </FileInfo>
    </File>
    <Config>
      <Option Name="ConstrsType" Val="XDC"/>
    </Config>
  </FileSet>
  <Strategy Version="1" Minor="2">
    <StratHandle Name="Vivado Synthesis Defaults" Flow="Vivado Synthesis 2017"/>
    <Step Id="synth_design"/>
  </Strategy>
</GenRun>
