<?xml version="1.0" encoding="UTF-8"?>
<GenRun Id="impl_1" LaunchPart="xc7a35tcpg236-1" LaunchTime="1526415797">
  <File Type="PWROPT-DRC" Name="array_mult_drc_pwropted.rpt"/>
  <File Type="OPT-METHODOLOGY-DRC" Name="array_mult_methodology_drc_opted.rpt"/>
  <File Type="INIT-TIMING" Name="array_mult_timing_summary_init.rpt"/>
  <File Type="ROUTE-PWR-RPX" Name="array_mult_power_routed.rpx"/>
  <File Type="PA-TCL" Name="array_mult.tcl"/>
  <File Type="OPT-HWDEF" Name="array_mult.hwdef"/>
  <File Type="RDI-RDI" Name="array_mult.vdi"/>
  <File Type="OPT-DCP" Name="array_mult_opt.dcp"/>
  <File Type="OPT-DRC" Name="array_mult_drc_opted.rpt"/>
  <File Type="OPT-TIMING" Name="array_mult_timing_summary_opted.rpt"/>
  <File Type="PWROPT-DCP" Name="array_mult_pwropt.dcp"/>
  <File Type="PWROPT-TIMING" Name="array_mult_timing_summary_pwropted.rpt"/>
  <File Type="PLACE-DCP" Name="array_mult_placed.dcp"/>
  <File Type="PLACE-IO" Name="array_mult_io_placed.rpt"/>
  <File Type="PLACE-CLK" Name="array_mult_clock_utilization_placed.rpt"/>
  <File Type="PLACE-UTIL" Name="array_mult_utilization_placed.rpt"/>
  <File Type="PLACE-UTIL-PB" Name="array_mult_utilization_placed.pb"/>
  <File Type="PLACE-CTRL" Name="array_mult_control_sets_placed.rpt"/>
  <File Type="PLACE-SIMILARITY" Name="array_mult_incremental_reuse_placed.rpt"/>
  <File Type="PLACE-PRE-SIMILARITY" Name="array_mult_incremental_reuse_pre_placed.rpt"/>
  <File Type="PLACE-TIMING" Name="array_mult_timing_summary_placed.rpt"/>
  <File Type="POSTPLACE-PWROPT-DCP" Name="array_mult_postplace_pwropt.dcp"/>
  <File Type="POSTPLACE-PWROPT-TIMING" Name="array_mult_timing_summary_postplace_pwropted.rpt"/>
  <File Type="PHYSOPT-DCP" Name="array_mult_physopt.dcp"/>
  <File Type="PHYSOPT-DRC" Name="array_mult_drc_physopted.rpt"/>
  <File Type="PHYSOPT-TIMING" Name="array_mult_timing_summary_physopted.rpt"/>
  <File Type="ROUTE-ERROR-DCP" Name="array_mult_routed_error.dcp"/>
  <File Type="ROUTE-DCP" Name="array_mult_routed.dcp"/>
  <File Type="ROUTE-BLACKBOX-DCP" Name="array_mult_routed_bb.dcp"/>
  <File Type="ROUTE-DRC" Name="array_mult_drc_routed.rpt"/>
  <File Type="ROUTE-DRC-PB" Name="array_mult_drc_routed.pb"/>
  <File Type="BG-BIN" Name="array_mult.bin"/>
  <File Type="ROUTE-DRC-RPX" Name="array_mult_drc_routed.rpx"/>
  <File Type="BG-DRC" Name="array_mult.drc"/>
  <File Type="ROUTE-METHODOLOGY-DRC" Name="array_mult_methodology_drc_routed.rpt"/>
  <File Type="BITSTR-MSK" Name="array_mult.msk"/>
  <File Type="ROUTE-METHODOLOGY-DRC-RPX" Name="array_mult_methodology_drc_routed.rpx"/>
  <File Type="BG-BGN" Name="array_mult.bgn"/>
  <File Type="ROUTE-METHODOLOGY-DRC-PB" Name="array_mult_methodology_drc_routed.pb"/>
  <File Type="ROUTE-PWR" Name="array_mult_power_routed.rpt"/>
  <File Type="ROUTE-PWR-SUM" Name="array_mult_power_summary_routed.pb"/>
  <File Type="ROUTE-STATUS" Name="array_mult_route_status.rpt"/>
  <File Type="ROUTE-STATUS-PB" Name="array_mult_route_status.pb"/>
  <File Type="ROUTE-TIMINGSUMMARY" Name="array_mult_timing_summary_routed.rpt"/>
  <File Type="ROUTE-TIMING-PB" Name="array_mult_timing_summary_routed.pb"/>
  <File Type="ROUTE-TIMING-RPX" Name="array_mult_timing_summary_routed.rpx"/>
  <File Type="ROUTE-SIMILARITY" Name="array_mult_incremental_reuse_routed.rpt"/>
  <File Type="ROUTE-CLK" Name="array_mult_clock_utilization_routed.rpt"/>
  <File Type="POSTROUTE-PHYSOPT-DCP" Name="array_mult_postroute_physopt.dcp"/>
  <File Type="POSTROUTE-PHYSOPT-BLACKBOX-DCP" Name="array_mult_postroute_physopt_bb.dcp"/>
  <File Type="POSTROUTE-PHYSOPT-TIMING" Name="array_mult_timing_summary_postroute_physopted.rpt"/>
  <File Type="POSTROUTE-PHYSOPT-TIMING-PB" Name="array_mult_timing_summary_postroute_physopted.pb"/>
  <File Type="POSTROUTE-PHYSOPT-TIMING-RPX" Name="array_mult_timing_summary_postroute_physopted.rpx"/>
  <File Type="BG-BIT" Name="array_mult.bit"/>
  <File Type="BITSTR-RBT" Name="array_mult.rbt"/>
  <File Type="BITSTR-NKY" Name="array_mult.nky"/>
  <File Type="BITSTR-BMM" Name="array_mult_bd.bmm"/>
  <File Type="BITSTR-MMI" Name="array_mult.mmi"/>
  <File Type="BITSTR-SYSDEF" Name="array_mult.sysdef"/>
  <File Type="WBT-USG" Name="usage_statistics_webtalk.html"/>
  <FileSet Name="sources" Type="DesignSrcs" RelSrcDir="$PSRCDIR/sources_1">
    <Filter Type="Srcs"/>
    <File Path="$PSRCDIR/sources_1/new/pe.vhd">
      <FileInfo>
        <Attr Name="UsedIn" Val="synthesis"/>
        <Attr Name="UsedIn" Val="simulation"/>
      </FileInfo>
    </File>
    <File Path="$PSRCDIR/sources_1/new/array_mult.vhd">
      <FileInfo>
        <Attr Name="UsedIn" Val="synthesis"/>
        <Attr Name="UsedIn" Val="simulation"/>
      </FileInfo>
    </File>
    <Config>
      <Option Name="DesignMode" Val="RTL"/>
      <Option Name="TopModule" Val="array_mult"/>
      <Option Name="TopAutoSet" Val="TRUE"/>
    </Config>
  </FileSet>
  <FileSet Name="constrs_in" Type="Constrs" RelSrcDir="$PSRCDIR/constrs_1">
    <Filter Type="Constrs"/>
    <File Path="$PPRDIR/basys3_master.xdc">
      <FileInfo>
        <Attr Name="UsedIn" Val="synthesis"/>
        <Attr Name="UsedIn" Val="implementation"/>
      </FileInfo>
    </File>
    <Config>
      <Option Name="ConstrsType" Val="XDC"/>
    </Config>
  </FileSet>
  <Strategy Version="1" Minor="2">
    <StratHandle Name="Vivado Implementation Defaults" Flow="Vivado Implementation 2017">
      <Desc>Default settings for Implementation.</Desc>
    </StratHandle>
    <Step Id="init_design"/>
    <Step Id="opt_design"/>
    <Step Id="power_opt_design"/>
    <Step Id="place_design"/>
    <Step Id="post_place_power_opt_design"/>
    <Step Id="phys_opt_design"/>
    <Step Id="route_design"/>
    <Step Id="post_route_phys_opt_design"/>
    <Step Id="write_bitstream"/>
  </Strategy>
</GenRun>
