<?xml version="1.0" encoding="UTF-8"?>
<GenRun Id="synth_1" LaunchPart="xc7a35tcpg236-1" LaunchTime="1526314851">
  <File Type="RDS-PROPCONSTRS" Name="twosCtb_drc_synth.rpt"/>
  <File Type="PA-TCL" Name="twosCtb.tcl"/>
  <File Type="RDS-RDS" Name="twosCtb.vds"/>
  <File Type="RDS-UTIL" Name="twosCtb_utilization_synth.rpt"/>
  <File Type="RDS-UTIL-PB" Name="twosCtb_utilization_synth.pb"/>
  <File Type="RDS-DCP" Name="twosCtb.dcp"/>
  <File Type="VDS-TIMINGSUMMARY" Name="twosCtb_timing_summary_synth.rpt"/>
  <File Type="VDS-TIMING-PB" Name="twosCtb_timing_summary_synth.pb"/>
  <FileSet Name="sources" Type="DesignSrcs" RelSrcDir="$PSRCDIR/sources_1">
    <Filter Type="Srcs"/>
    <File Path="$PSRCDIR/sources_1/new/twos_c.vhd">
      <FileInfo>
        <Attr Name="ImportPath" Val="$PPRDIR/../TwosComp/TwosComp.srcs/sources_1/new/twos_c.vhd"/>
        <Attr Name="ImportTime" Val="1526156752"/>
        <Attr Name="UsedIn" Val="synthesis"/>
        <Attr Name="UsedIn" Val="simulation"/>
      </FileInfo>
    </File>
    <File Path="$PSRCDIR/sources_1/new/twosCtb.vhd">
      <FileInfo>
        <Attr Name="ImportPath" Val="$PPRDIR/../TwosComp/TwosComp.srcs/sources_1/new/twosCtb.vhd"/>
        <Attr Name="ImportTime" Val="1526236622"/>
        <Attr Name="UsedIn" Val="synthesis"/>
        <Attr Name="UsedIn" Val="simulation"/>
      </FileInfo>
    </File>
    <Config>
      <Option Name="DesignMode" Val="RTL"/>
      <Option Name="TopModule" Val="twosCtb"/>
      <Option Name="TopAutoSet" Val="TRUE"/>
    </Config>
  </FileSet>
  <FileSet Name="constrs_in" Type="Constrs" RelSrcDir="$PSRCDIR/constrs_1">
    <Filter Type="Constrs"/>
    <File Path="$PPRDIR/../TwosComp/basys3_master.xdc">
      <FileInfo>
        <Attr Name="UsedIn" Val="synthesis"/>
        <Attr Name="UsedIn" Val="implementation"/>
      </FileInfo>
    </File>
    <Config>
      <Option Name="ConstrsType" Val="XDC"/>
    </Config>
  </FileSet>
  <Strategy Version="1" Minor="2">
    <StratHandle Name="Vivado Synthesis Defaults" Flow="Vivado Synthesis 2017"/>
    <Step Id="synth_design"/>
  </Strategy>
</GenRun>
