<?xml version="1.0" encoding="UTF-8"?>
<GenRun Id="synth_1" LaunchPart="xc7a35tcpg236-1" LaunchTime="1527019386">
  <File Type="PA-TCL" Name="accumulator.tcl"/>
  <File Type="REPORTS-TCL" Name="accumulator_reports.tcl"/>
  <File Type="RDS-RDS" Name="accumulator.vds"/>
  <File Type="RDS-UTIL" Name="accumulator_utilization_synth.rpt"/>
  <File Type="RDS-UTIL-PB" Name="accumulator_utilization_synth.pb"/>
  <File Type="RDS-DCP" Name="accumulator.dcp"/>
  <FileSet Name="sources" Type="DesignSrcs" RelSrcDir="$PSRCDIR/sources_1">
    <Filter Type="Srcs"/>
    <File Path="$PSRCDIR/sources_1/imports/Quiz/ck_step_pack.vhd">
      <FileInfo>
        <Attr Name="ImportPath" Val="$PPRDIR/../../Quiz/ck_step_pack.vhd"/>
        <Attr Name="ImportTime" Val="1523162244"/>
        <Attr Name="UsedIn" Val="synthesis"/>
        <Attr Name="UsedIn" Val="simulation"/>
      </FileInfo>
    </File>
    <File Path="$PSRCDIR/sources_1/new/accumulator.vhd">
      <FileInfo>
        <Attr Name="UsedIn" Val="synthesis"/>
        <Attr Name="UsedIn" Val="simulation"/>
      </FileInfo>
    </File>
    <Config>
      <Option Name="DesignMode" Val="RTL"/>
      <Option Name="TopModule" Val="accumulator"/>
      <Option Name="TopAutoSet" Val="TRUE"/>
    </Config>
  </FileSet>
  <FileSet Name="constrs_in" Type="Constrs" RelSrcDir="$PSRCDIR/constrs_1">
    <Filter Type="Constrs"/>
    <File Path="$PSRCDIR/constrs_1/imports/ECEC-302/basys3_constrain.xdc">
      <FileInfo>
        <Attr Name="ImportPath" Val="$PPRDIR/../../basys3_constrain.xdc"/>
        <Attr Name="ImportTime" Val="1525069483"/>
        <Attr Name="UsedIn" Val="synthesis"/>
        <Attr Name="UsedIn" Val="implementation"/>
      </FileInfo>
    </File>
    <Config>
      <Option Name="ConstrsType" Val="XDC"/>
    </Config>
  </FileSet>
  <Strategy Version="1" Minor="2">
    <StratHandle Name="Vivado Synthesis Defaults" Flow="Vivado Synthesis 2017"/>
    <Step Id="synth_design"/>
  </Strategy>
  <BlockFileSet Type="BlockSrcs" Name="c_accum_0"/>
</GenRun>
