<?xml version="1.0" encoding="UTF-8"?>
<GenRun Id="c_accum_0_synth_1" LaunchPart="xc7a35tcpg236-1" LaunchTime="1527018021">
  <File Type="PA-TCL" Name="c_accum_0.tcl"/>
  <File Type="REPORTS-TCL" Name="c_accum_0_reports.tcl"/>
  <File Type="RDS-RDS" Name="c_accum_0.vds"/>
  <File Type="RDS-UTIL" Name="c_accum_0_utilization_synth.rpt"/>
  <File Type="RDS-UTIL-PB" Name="c_accum_0_utilization_synth.pb"/>
  <File Type="RDS-DCP" Name="c_accum_0.dcp"/>
  <FileSet Name="sources" Type="BlockSrcs" RelSrcDir="$PSRCDIR/c_accum_0">
    <File Path="$PSRCDIR/sources_1/ip/c_accum_0/c_accum_0.xci">
      <FileInfo>
        <Attr Name="UsedIn" Val="synthesis"/>
        <Attr Name="UsedIn" Val="implementation"/>
        <Attr Name="UsedIn" Val="simulation"/>
      </FileInfo>
    </File>
    <Config>
      <Option Name="TopModule" Val="c_accum_0"/>
      <Option Name="UseBlackboxStub" Val="1"/>
    </Config>
  </FileSet>
  <FileSet Name="constrs_in" Type="BlockSrcs" RelSrcDir="$PSRCDIR/c_accum_0">
    <File Path="$PSRCDIR/sources_1/ip/c_accum_0/c_accum_0.xci">
      <FileInfo>
        <Attr Name="UsedIn" Val="synthesis"/>
        <Attr Name="UsedIn" Val="implementation"/>
        <Attr Name="UsedIn" Val="simulation"/>
      </FileInfo>
    </File>
    <Config>
      <Option Name="TopModule" Val="c_accum_0"/>
      <Option Name="UseBlackboxStub" Val="1"/>
    </Config>
  </FileSet>
  <Strategy Version="1" Minor="2">
    <StratHandle Name="Vivado Synthesis Defaults" Flow="Vivado Synthesis 2017"/>
    <Step Id="synth_design"/>
  </Strategy>
</GenRun>
